parent_smiles,molecule_chembl_id,pref_name,canonical_smiles_examples,n_records,IC50_nM_median,IC50_nM_min,IC50_nM_max,pIC50_median,pIC50_min,pIC50_max,pIC50_std,pchembl_median,assay_type,assay_chembl_id,document_chembl_id,mw_freebase,alogp,hba,hbd,psa,rtb,num_ro5_violations,pIC50_range
C#C[C@@H]1C[C@H](F)CN1C(=O)CC(C)(C)CC(=O)N[C@H]1C[C@@H]1c1cccc(Cl)c1,CHEMBL1082996,,C#C[C@@H]1C[C@H](F)CN1C(=O)CC(C)(C)CC(=O)N[C@H]1C[C@@H]1c1cccc(Cl)c1,3,210.0,15.0,847.0,6.6777807052660805,6.072116589669293,7.823908740944319,0.8896829244509974,6.68,B,CHEMBL1119677;CHEMBL1119686;CHEMBL1119687,CHEMBL1158599,404.91,3.69,2.0,1.0,49.41,6.0,0.0,1.7517921512750254
C=CCC1c2nnc(C(F)(F)F)n2CCN1C(=O)C[C@H](N)Cc1cc(F)c(F)cc1F,CHEMBL537000,,C=CCC1c2nnc(C(F)(F)F)n2CCN1C(=O)C[C@H](N)Cc1cc(F)c(F)cc1F.Cl,2,16.75,1.5,32.0,8.159379381312206,7.494850021680094,8.823908740944319,0.9397864329868414,8.16,B,CHEMBL944056,CHEMBL1140747,447.38,3.13,5.0,1.0,77.04,6.0,0.0,1.329058719264225
CC#CCn1c(N2CCC[C@@H](N)C2)nc2c1c(=O)n(Cc1nc(C)c3ccccc3n1)c(=O)n2C,CHEMBL237500,LINAGLIPTIN,CC#CCn1c(N2CCC[C@@H](N)C2)nc2c1c(=O)n(Cc1nc(C)c3ccccc3n1)c(=O)n2C,8,0.7,0.1,15.37,9.198970004336019,7.813326132500254,10.0,0.720012375473682,9.2,B,CHEMBL1954392;CHEMBL2389862;CHEMBL4379983;CHEMBL5217466;CHEMBL5366931;CHEMBL5734252;CHEMBL6082526;CHEMBL902716,CHEMBL1138349;CHEMBL1949653;CHEMBL2385017;CHEMBL4376848;CHEMBL5214975;CHEMBL5365448;CHEMBL5727221;CHEMBL6078720,472.55,1.15,10.0,1.0,116.86,4.0,0.0,2.1866738674997457
CC#CCn1c(N2CCC[C@@H](N)C2)nc2c1c(=O)n(Cc1nc3cc(F)ccc3s1)c(=O)n2C,CHEMBL4113723,,CC#CCn1c(N2CCC[C@@H](N)C2)nc2c1c(=O)n(Cc1nc3cc(F)ccc3s1)c(=O)n2C,3,0.08,0.05,1.4,10.096910013008056,8.853871964321762,10.301029995663981,0.7832703796135333,10.1,B,CHEMBL3887953;CHEMBL5366914,CHEMBL3886515;CHEMBL5365448,481.56,1.64,10.0,1.0,103.97,4.0,0.0,1.4471580313422194
CC(=O)N(C)C1CCC([C@H](C(=O)N(C)C)[C@H](N)C(=O)N2CC[C@H](F)C2)CC1,CHEMBL428747,,CC(=O)N(C)C1CCC([C@H](C(=O)N(C)C)[C@H](N)C(=O)N2CC[C@H](F)C2)CC1.Cl,2,109.5,29.0,190.0,7.129424200574108,6.721246399047171,7.537602002101044,0.5772505827790272,7.13,B,CHEMBL887122;CHEMBL887126,CHEMBL1139199,384.5,0.63,4.0,1.0,86.95,5.0,0.0,0.8163556030538732
CC(=O)N(C)C1CCC([C@H](C)[C@H](N)C(=O)N2CC[C@H](F)C2)CC1,CHEMBL245545,,CC(=O)N(C)C1CCC([C@H](C)[C@H](N)C(=O)N2CC[C@H](F)C2)CC1.Cl,2,28.0,16.0,40.0,7.596910013008056,7.3979400086720375,7.795880017344075,0.28138607863743126,7.6,B,CHEMBL887122;CHEMBL887126,CHEMBL1139199,327.44,1.56,3.0,1.0,66.64,4.0,0.0,0.3979400086720375
CC(=O)Nc1ccc(OP(=O)(Oc2ccc(NC(C)=O)cc2)C2CCCN2C(=O)C2CCCN2)cc1,CHEMBL265344;CHEMBL439382,,CC(=O)Nc1ccc(OP(=O)(Oc2ccc(NC(C)=O)cc2)C2CCCN2C(=O)C2CCCN2)cc1;CC(=O)Nc1ccc(OP(=O)(Oc2ccc(NC(C)=O)cc2)C2CCCN2C(=O)C2CCCN2)cc1.Cl,2,3000.0,400.0,5600.0,5.824875990832918,5.251811972993799,6.3979400086720375,0.8104349061360995,5.825,B,CHEMBL666617;CHEMBL901594,CHEMBL1132608;CHEMBL1138263,514.52,3.95,7.0,3.0,126.07,8.0,1.0,1.1461280356782382
CC(=O)OCc1ccc2cc1C(=O)NCC(=O)NCC(=O)NCCCC[C@H](N)C(=O)N1CCC[C@H]1C(=O)N2,CHEMBL1160335,,CC(=O)OCc1ccc2cc1C(=O)NCC(=O)NCC(=O)NCCCC[C@H](N)C(=O)N1CCC[C@H]1C(=O)N2.O=C(O)C(F)(F)F,2,2500.0,1500.0,3500.0,5.6399203482970215,5.455931955649724,5.823908740944319,0.2601988802010339,5.640000000000001,B,CHEMBL664926;CHEMBL664927,CHEMBL1131574,530.58,-0.85,8.0,5.0,189.03,2.0,1.0,0.3679767852945943
CC(C)(C)[C@H](N)C(=O)N1CCC[C@H]1B(O)O,CHEMBL63406,,CC(C)(C)[C@H](N)C(=O)N1CCC[C@H]1B(O)O,2,830.0,60.0,1600.0,6.508864383480216,5.795880017344075,7.221848749616356,1.0083121603497145,6.51,B,CHEMBL5737203;CHEMBL665783,CHEMBL1129318;CHEMBL5728672,228.1,,,,,,,1.4259687322722812
CC(C)(C)[C@H](N)C(=O)N1CCC[C@H]1C#N,CHEMBL363250,,CC(C)(C)[C@H](N)C(=O)N1CCC[C@H]1C#N,2,653.5,7.0,1300.0,7.020479303839453,5.886056647693163,8.154901959985743,1.6043159057853935,7.02,B,CHEMBL5737203;CHEMBL827834,CHEMBL1138669;CHEMBL5728672,209.29,0.87,3.0,1.0,70.12,1.0,0.0,2.26884531229258
CC(C)(CC(=O)N1CCCC1)NCC(=O)N1C[C@@H](F)C[C@H]1C#N,CHEMBL1082462,DBPR-108,CC(C)(CC(=O)N1CCCC1)NCC(=O)N1C[C@@H](F)C[C@H]1C#N,3,10.0,5.0,15.0,8.0,7.823908740944319,8.301029995663981,0.24127159022926037,8.0,B,CHEMBL1119677;CHEMBL1119686;CHEMBL1119687,CHEMBL1158599,324.4,0.83,4.0,1.0,76.44,5.0,0.0,0.4771212547196626
CC(C)(CC(=O)N1CCCCC1)NCC(=O)N1C[C@@H](F)C[C@H]1C#N,CHEMBL1085074,,CC(C)(CC(=O)N1CCCCC1)NCC(=O)N1C[C@@H](F)C[C@H]1C#N,2,20.5,14.0,27.0,7.711254100081387,7.568636235841012,7.853871964321762,0.2016921178454229,7.71,B,CHEMBL1119677;CHEMBL1119686,CHEMBL1158599,338.43,1.22,4.0,1.0,76.44,5.0,0.0,0.28523572848074963
CC(C)(CC(=O)N1CCN(S(C)(=O)=O)CC1)NCC(=O)N1C[C@@H](F)C[C@H]1C#N,CHEMBL1085595,,CC(C)(CC(=O)N1CCN(S(C)(=O)=O)CC1)NCC(=O)N1C[C@@H](F)C[C@H]1C#N,2,19.5,15.0,24.0,7.721848749616356,7.619788758288394,7.823908740944319,0.14433462391168503,7.720000000000001,B,CHEMBL1119677;CHEMBL1119686,CHEMBL1158599,417.51,-0.69,6.0,1.0,113.82,6.0,0.0,0.20411998265592501
CC(C)=CCn1c(N2CCC[C@@H](N)C2)nc2c1c(=O)n(CC(=O)c1ccccc1)c(=O)n2C,CHEMBL237488,,CC(C)=CCn1c(N2CCC[C@@H](N)C2)nc2c1c(=O)n(CC(=O)c1ccccc1)c(=O)n2C,3,1.1,1.0,6.0,8.958607314841775,8.221848749616356,9.0,0.437806255911458,8.96,B,CHEMBL2410616;CHEMBL2410618;CHEMBL902716,CHEMBL1138349;CHEMBL2406945,450.54,1.67,9.0,1.0,108.15,6.0,0.0,0.7781512503836439
CC(C)=CCn1c(N2CCC[C@H](N)C2)nc2c1c(=O)n(CC(=O)c1ccccc1)c(=O)n2C,CHEMBL237067,,CC(C)=CCn1c(N2CCC[C@H](N)C2)nc2c1c(=O)n(CC(=O)c1ccccc1)c(=O)n2C,2,4.0,3.0,5.0,8.41195437047216,8.301029995663981,8.522878745280337,0.15687075525148192,8.41,B,CHEMBL4432067;CHEMBL902716,CHEMBL1138349;CHEMBL4431324,450.54,1.67,9.0,1.0,108.15,6.0,0.0,0.22184874961635614
CC(C)=CCn1c(OCC(C)(C)CN)nc2c1c(=O)n(CC(=O)c1ccccc1)c(=O)n2C,CHEMBL2408638,,CC(C)=CCn1c(OCC(C)(C)CN)nc2c1c(=O)n(CC(=O)c1ccccc1)c(=O)n2C,2,96.5,73.0,120.0,7.02874794691596,6.920818753952375,7.136677139879544,0.15263492846508386,7.029999999999999,B,CHEMBL2410616;CHEMBL2410618,CHEMBL2406945,453.54,2.11,9.0,1.0,114.14,9.0,0.0,0.21585838592716922
CC(C)C[C@H](N)C(=O)N1CCC[C@H]1B(O)O,CHEMBL63698,,CC(C)C[C@H](N)C(=O)N1CCC[C@H]1B(O)O,2,822.0,44.0,1600.0,6.576213670428944,5.795880017344075,7.356547323513812,1.1035584353687629,6.58,B,CHEMBL5737203;CHEMBL665783,CHEMBL1129318;CHEMBL5728672,228.1,,,,,,,1.5606673061697371
CC(C)Cc1nc2ccc(OCC(N)=O)cc2c(-c2ccccc2)c1CN,CHEMBL1809262,,CC(C)Cc1nc2ccc(OCC(N)=O)cc2c(-c2ccccc2)c1CN,2,152.0,34.0,270.0,7.018578659399378,6.568636235841012,7.468521082957745,0.6363146776832611,7.02,B,CHEMBL1810495;CHEMBL4036397,CHEMBL1806361;CHEMBL4033726,363.46,3.42,4.0,2.0,91.23,7.0,0.0,0.8998848471167324
CC(C)Cn1c(CN)c(-c2ccccc2)c2cc(OCC(N)=O)ccc2c1=O,CHEMBL1808475,,CC(C)Cn1c(CN)c(-c2ccccc2)c2cc(OCC(N)=O)ccc2c1=O.Cl,2,143.5,47.0,240.0,6.973845450176338,6.619788758288394,7.327902142064282,0.5007117755168828,6.975,B,CHEMBL1810495;CHEMBL1816172,CHEMBL1806361;CHEMBL1811887,379.46,2.65,5.0,2.0,100.34,7.0,0.0,0.7081133837758884
CC(C)[C@@H](N)C(=O)N1CCC[C@H]1B(O)O,CHEMBL305170,,CC(C)[C@@H](N)C(=O)N1CCC[C@H]1B(O)O,2,1150.15,0.3,2300.0,7.580575454631372,5.638272163982407,9.522878745280337,2.746831655877658,7.58,B,CHEMBL880567;CHEMBL913151,CHEMBL1139886;CHEMBL1141049,214.07,,,,,,,3.8846065812979305
CC(C)[C@H](N)C(=O)N1CCCC1,CHEMBL383705,,CC(C)[C@H](N)C(=O)N1CCCC1,3,4000.0,3000.0,5400.0,5.3979400086720375,5.267606240177031,5.522878745280337,0.12764575392931912,5.4,B,CHEMBL666573;CHEMBL862302;CHEMBL938686,CHEMBL1135386;CHEMBL1139650;CHEMBL1154997,170.26,0.59,2.0,1.0,46.33,2.0,0.0,0.25527250510330646
CC(C)[C@H](N)C(=O)N1CCC[C@H]1B(O)O,CHEMBL67279,TALABOSTAT,CC(C)[C@H](N)C(=O)N1CCC[C@H]1B(O)O,10,11.85,0.1,1200.0,8.21356419889976,5.920818753952375,10.0,1.4034251959548296,8.215,B,CHEMBL1768625;CHEMBL1768626;CHEMBL2026783;CHEMBL2346132;CHEMBL3706075;CHEMBL5737203;CHEMBL665783;CHEMBL902269;CHEMBL913151;CHEMBL913152,CHEMBL1129318;CHEMBL1138385;CHEMBL1139886;CHEMBL1765065;CHEMBL2021822;CHEMBL2331146;CHEMBL3638744;CHEMBL5728672,214.07,,,,,,,4.079181246047625
CC(C)[C@H](N)C(=O)N[C@@H](C)B(O)O,CHEMBL365322,,CC(C)[C@H](N)C(=O)N[C@@H](C)B(O)O,3,3.5,0.89,9.0,8.455931955649724,8.045757490560675,9.050609993355087,0.5052414625226879,8.46,B,CHEMBL3706075;CHEMBL881764,CHEMBL1141052;CHEMBL3638744,188.04,,,,,,,1.004852502794412
CC(C)[C@H](N)C(=S)N1CCC[C@H]1B(O)O,CHEMBL3686736,,CC(C)[C@H](N)C(=S)N1CCC[C@H]1B(O)O,3,800.0,44.0,5900.0,6.096910013008056,5.229147988357855,7.356547323513812,1.0696981674492105,6.1,B,CHEMBL3706075;CHEMBL5737203,CHEMBL3638744;CHEMBL5728672,230.14,,,,,,,2.127399335155957
CC(C)[C@H](N)C(=S)N[C@@H](C)B(O)O,CHEMBL3686734,,CC(C)[C@H](N)C(=S)N[C@@H](C)B(O)O,2,146.5,73.0,220.0,6.897127229528669,6.657577319177793,7.136677139879544,0.3387747320834673,6.9,B,CHEMBL3706075,CHEMBL3638744,204.1,,,,,,,0.4790998207017507
CC(C)c1nsc(N2CCN(C(=O)[C@@H]3CN[C@H](C(=O)N4CCCC4)C3)CC2)n1,CHEMBL402645,,CC(C)c1nsc(N2CCN(C(=O)[C@@H]3CN[C@H](C(=O)N4CCCC4)C3)CC2)n1,2,101.0,52.0,150.0,7.05395269865476,6.823908740944319,7.2839966563652006,0.3253312849360883,7.050000000000001,B,CHEMBL932061;CHEMBL932062,CHEMBL1143182,406.56,0.91,7.0,1.0,81.67,4.0,0.0,0.4600879154208819
CC1(S(=O)(=O)n2cc3c(n2)CN([C@H]2CCO[C@H](c4cc(F)c(F)cc4F)[C@@H](N)C2)C3)CC1,CHEMBL3654425,,CC1(S(=O)(=O)n2cc3c(n2)CN([C@H]2CCO[C@H](c4cc(F)c(F)cc4F)[C@@H](N)C2)C3)CC1,2,8.3,4.0,12.6,8.148784731777237,7.899629454882437,8.397940008672037,0.35235877172145064,8.15,B,CHEMBL3706292,CHEMBL3639172,470.52,2.59,7.0,1.0,90.45,4.0,0.0,0.4983105537896009
CC1c2nc(C(C)(C)C)n(C)c2CCN1C(=O)C[C@H](N)Cc1cc(F)c(F)cc1F,CHEMBL250283,,CC1c2nc(C(C)(C)C)n(C)c2CCN1C(=O)C[C@H](N)Cc1cc(F)c(F)cc1F,2,500.0,370.0,630.0,6.316228863239711,6.200659450546418,6.431798275933005,0.16343983082634908,6.3149999999999995,B,CHEMBL924146,CHEMBL1140494,422.5,3.54,4.0,1.0,64.15,4.0,0.0,0.23113882538658714
CC1c2nc(C(F)(F)F)n(C)c2CCN1C(=O)C[C@H](N)Cc1cc(F)ccc1F,CHEMBL250006,,CC1c2nc(C(F)(F)F)n(C)c2CCN1C(=O)C[C@H](N)Cc1cc(F)ccc1F,2,127.5,65.0,190.0,6.954166521202158,6.721246399047171,7.187086643357144,0.32939879570118,6.955,B,CHEMBL924146,CHEMBL1140494,416.39,3.12,4.0,1.0,64.15,4.0,0.0,0.4658402443099732
CC1c2nc(C3CC3)n(C)c2CCN1C(=O)C[C@H](N)Cc1cc(F)c(F)cc1F,CHEMBL1204389;CHEMBL400911,,CC1c2nc(C3CC3)n(C)c2CCN1C(=O)C[C@H](N)Cc1cc(F)c(F)cc1F;CC1c2nc(C3CC3)n(C)c2CCN1C(=O)C[C@H](N)Cc1cc(F)c(F)cc1F.Cl,2,370.0,250.0,490.0,6.455931955649724,6.309803919971486,6.6020599913279625,0.20665624989910394,6.455,B,CHEMBL924146,CHEMBL1140494,406.45,3.12,4.0,1.0,64.15,5.0,0.0,0.29225607135647635
CC1c2nnc(C(F)(F)F)n2C(C)CN1C(=O)C[C@H](N)Cc1cc(F)c(F)cc1F,CHEMBL536089,,CC1c2nnc(C(F)(F)F)n2C(C)CN1C(=O)C[C@H](N)Cc1cc(F)c(F)cc1F.Cl,2,55.5,11.0,100.0,7.479303657420887,7.0,7.958607314841775,0.6778377328196467,7.48,B,CHEMBL944056,CHEMBL1140747,435.37,3.14,5.0,1.0,77.04,4.0,0.0,0.9586073148417746
CCC1c2nc(C(F)(F)F)n(C)c2CCN1C(=O)C[C@H](N)Cc1cc(F)c(F)cc1F,CHEMBL250204,,CCC1c2nc(C(F)(F)F)n(C)c2CCN1C(=O)C[C@H](N)Cc1cc(F)c(F)cc1F,2,335.0,60.0,610.0,6.7182594573027945,6.214670164989233,7.221848749616356,0.7121828070557079,6.715,B,CHEMBL924146,CHEMBL1140494,448.41,3.65,4.0,1.0,64.15,5.0,0.0,1.0071785846271233
CCC1c2nnc(C(F)(F)F)n2CCN1C(=O)C[C@H](N)Cc1cc(F)c(F)cc1F,CHEMBL556606,,CCC1c2nnc(C(F)(F)F)n2CCN1C(=O)C[C@H](N)Cc1cc(F)c(F)cc1F.Cl,2,59.0,5.0,113.0,7.623975776090281,6.94692155651658,8.301029995663981,0.9574992597830588,7.625,B,CHEMBL944056,CHEMBL1140747,435.37,2.97,5.0,1.0,77.04,5.0,0.0,1.3541084391474012
CCCCCCCC[S+](CCCCCCCC)Cc1ccc2cc1C(=O)NCC(=O)NCC(=O)NCCCC[C@H](N)C(=O)N1CCC[C@H]1C(=O)N2,CHEMBL67680,,CCCCCCCC[S+](CCCCCCCC)Cc1ccc2cc1C(=O)NCC(=O)NCC(=O)NCCCC[C@H](N)C(=O)N1CCC[C@H]1C(=O)N2.O=C(O)C(F)(F)F.O=C([O-])C(F)(F)F,2,330.0,30.0,630.0,6.861769097913378,6.200659450546418,7.522878745280337,0.9349502295220489,6.859999999999999,B,CHEMBL664926;CHEMBL664927,CHEMBL1131574,730.05,4.93,6.0,5.0,162.73,16.0,1.0,1.3222192947339195
CCCC[S+](CCCC)Cc1ccc2cc1C(=O)NCC(=O)NCC(=O)NCCCC[C@H](N)C(=O)N1CCC[C@H]1C(=O)N2,CHEMBL67679,,CCCC[S+](CCCC)Cc1ccc2cc1C(=O)NCC(=O)NCC(=O)NCCCC[C@H](N)C(=O)N1CCC[C@H]1C(=O)N2.O=C(O)C(F)(F)F.O=C([O-])C(F)(F)F,2,295.0,20.0,570.0,6.971547574331764,6.2441251443275085,7.698970004336019,1.028730666086411,6.970000000000001,B,CHEMBL664926;CHEMBL664927,CHEMBL1131574,617.84,1.81,6.0,5.0,162.73,8.0,1.0,1.4548448600085102
CCC[C@H](N)C(=O)N1CCC[C@H]1B(O)O,CHEMBL3686745,,CCC[C@H](N)C(=O)N1CCC[C@H]1B(O)O,2,3702.25,4.5,7400.0,6.73877788324684,5.130768280269024,8.346787486224656,2.2740689889574037,6.74,B,CHEMBL3706075,CHEMBL3638744,214.07,,,,,,,3.2160192059556323
CCC[C@H](N)C(=S)N1CCC[C@H]1B(O)O,CHEMBL3686746,,CCC[C@H](N)C(=S)N1CCC[C@H]1B(O)O,2,9500.8,1.6,19000.0,6.758563208195623,4.721246399047171,8.795880017344075,2.881201062348419,6.76,B,CHEMBL3706075,CHEMBL3638744,230.14,,,,,,,4.074633618296904
CCCc1nsc(N2CCN(C(=O)[C@@H]3CN[C@H](C(=O)N4CCCC4)C3)CC2)n1,CHEMBL437592,,CCCc1nsc(N2CCN(C(=O)[C@@H]3CN[C@H](C(=O)N4CCCC4)C3)CC2)n1,2,53.5,21.0,86.0,7.371641127011257,7.0655015487564325,7.6777807052660805,0.4329467435471518,7.375,B,CHEMBL932061;CHEMBL932062,CHEMBL1143182,406.56,0.74,7.0,1.0,81.67,5.0,0.0,0.6122791565096479
CCOC(=O)CNC(=O)c1ccc(OP(=O)(Oc2ccc(C(=O)NCC(=O)OCC)cc2)C2CCCN2C(=O)C2CCCN2)cc1,CHEMBL235766;CHEMBL274829,,CCOC(=O)CNC(=O)c1ccc(OP(=O)(Oc2ccc(C(=O)NCC(=O)OCC)cc2)C2CCCN2C(=O)C2CCCN2)cc1;CCOC(=O)CNC(=O)c1ccc(OP(=O)(Oc2ccc(C(=O)NCC(=O)OCC)cc2)C2CCCN2C(=O)C2CCCN2)cc1.Cl,2,18.5,14.0,23.0,7.746072064152084,7.638272163982407,7.853871964321762,0.15245208084242357,7.744999999999999,B,CHEMBL666617;CHEMBL901594,CHEMBL1132608;CHEMBL1138263,658.64,2.62,11.0,3.0,178.67,14.0,2.0,0.21559980033935489
CC[C@H](C)[C@H](N)C(=O)N1CCC[C@H]1B(O)O,CHEMBL1790483,,CC[C@H](C)[C@H](N)C(=O)N1CCC[C@H]1B(O)O,2,612.5,25.0,1200.0,6.761439372640169,5.920818753952375,7.6020599913279625,1.18881707975874,6.76,B,CHEMBL5737203;CHEMBL665783,CHEMBL1129318;CHEMBL5728672,228.1,,,,,,,1.6812412373755876
CC[C@H](C)[C@H](N)C(=O)N1CCC[C@H]1C(=O)N[C@H](C(=O)O)[C@@H](C)CC,CHEMBL214381,DIPROTIN A,CC[C@H](C)[C@H](N)C(=O)N1CCC[C@H]1C(=O)N[C@H](C(=O)O)[C@@H](C)CC,3,3000.0,2530.0,4210.0,5.522878745280337,5.375717904164332,5.596879478824182,0.11257950067176355,5.52,B,CHEMBL1696535;CHEMBL3382310;CHEMBL4232373,CHEMBL1687705;CHEMBL3351808;CHEMBL4229387,341.45,0.97,4.0,3.0,112.73,8.0,0.0,0.22116157465984987
CC[C@H](C)[C@H](N)C(=O)N1CCSC1,CHEMBL98408,,CC[C@H](C)[C@H](N)C(=O)N1CCSC1,2,1040.0,420.0,1660.0,6.078321310781022,5.779891911959945,6.376750709602099,0.4220429032236166,6.08,B,CHEMBL664532;CHEMBL829475,CHEMBL1140240;CHEMBL1146708,202.32,0.89,3.0,1.0,46.33,3.0,0.0,0.5968587976421542
CC[C@H](C)[C@H](N)C(=O)N1Cc2ccccc2[C@H]1B(O)O,CHEMBL5790536,,CC[C@H](C)[C@H](N)C(=O)N1Cc2ccccc2[C@H]1B(O)O,2,11011.0,22.0,22000.0,6.157577319177793,4.657577319177793,7.657577319177793,2.1213203435596424,6.16,B,CHEMBL5737203;CHEMBL5738962,CHEMBL5728672;CHEMBL5729553,276.14,,,,,,,3.0
CC[C@H](N)C(=O)N1CCC[C@H]1B(O)O,CHEMBL66032,,CC[C@H](N)C(=O)N1CCC[C@H]1B(O)O,2,455.5,11.0,900.0,7.002182402701225,6.045757490560675,7.958607314841775,1.3525890821406614,7.005,B,CHEMBL5737203;CHEMBL665783,CHEMBL1129318;CHEMBL5728672,200.05,,,,,,,1.9128498242810998
CCc1nsc(N2CCN(C(=O)[C@@H]3CN[C@H](C(=O)N4CCCC4)C3)CC2)n1,CHEMBL271444,,CCc1nsc(N2CCN(C(=O)[C@@H]3CN[C@H](C(=O)N4CCCC4)C3)CC2)n1,2,64.5,37.0,92.0,7.234005224293725,7.036212172654444,7.431798275933005,0.27972161617143215,7.234999999999999,B,CHEMBL932061;CHEMBL932062,CHEMBL1143182,392.53,0.35,7.0,1.0,81.67,4.0,0.0,0.3955861032785606
CN(C)C(=O)CC1c2nnc(C(F)(F)F)n2CCN1C(=O)C[C@H](N)Cc1cc(F)c(F)cc1F,CHEMBL556979,,CN(C)C(=O)CC1c2nnc(C(F)(F)F)n2CCN1C(=O)C[C@H](N)Cc1cc(F)c(F)cc1F.Cl,2,189.9,2.8,377.0,7.488250309225994,6.423658649794207,8.55284196865778,1.5055599631577117,7.485,B,CHEMBL944056,CHEMBL1140747,492.42,2.04,6.0,1.0,97.35,6.0,0.0,2.129183318863573
CN(C)C(=O)[C@@H](C1CCC(N(C)C(=O)c2cccc(F)c2)CC1)[C@H](N)C(=O)N1CC[C@H](F)C1,CHEMBL246374,,CN(C)C(=O)[C@@H](C1CCC(N(C)C(=O)c2cccc(F)c2)CC1)[C@H](N)C(=O)N1CC[C@H](F)C1.Cl,2,112.0,24.0,200.0,7.159379381312206,6.698970004336019,7.619788758288394,0.6511171851634713,7.16,B,CHEMBL887122;CHEMBL887126,CHEMBL1139199,464.56,2.06,4.0,1.0,86.95,6.0,0.0,0.9208187539523749
CN(C)C(=O)[C@@H](C1CCC(NS(=O)(=O)c2ccc(OC(F)(F)F)cc2)CC1)[C@H](N)C(=O)N1CC[C@H](F)C1,CHEMBL397854,,CN(C)C(=O)[C@@H](C1CCC(NS(=O)(=O)c2ccc(OC(F)(F)F)cc2)CC1)[C@H](N)C(=O)N1CC[C@H](F)C1.Cl,2,820.0,360.0,1280.0,6.168243764792422,5.892790030352131,6.443697499232712,0.38955040705177574,6.165,B,CHEMBL887122;CHEMBL887126,CHEMBL1139199,552.59,2.02,6.0,2.0,122.04,8.0,1.0,0.5509074688805811
CN(C)C(=O)[C@@H]([C@H]1CC[C@@H](C2CCc3ncnn3C2)CC1)[C@H](N)C(=O)N1CCC(F)(F)C1,CHEMBL235198,,CN(C)C(=O)[C@@H]([C@H]1CC[C@@H](C2CCc3ncnn3C2)CC1)[C@H](N)C(=O)N1CCC(F)(F)C1,2,335.0,220.0,450.0,6.502182402701225,6.346787486224656,6.657577319177793,0.21976159840499773,6.505,B,CHEMBL898850;CHEMBL898855,CHEMBL1137497,452.55,1.55,6.0,1.0,97.35,5.0,0.0,0.31078983295313733
CN(C)C(=O)[C@@H]([C@H]1CC[C@@H](c2ccc(F)cc2)CC1)[C@H](N)C(=O)N1CCC(F)(F)C1,CHEMBL237972,,CN(C)C(=O)[C@@H]([C@H]1CC[C@@H](c2ccc(F)cc2)CC1)[C@H](N)C(=O)N1CCC(F)(F)C1,2,825.0,150.0,1500.0,6.323908740944319,5.823908740944319,6.823908740944319,0.7071067811865476,6.32,B,CHEMBL898850;CHEMBL898855,CHEMBL1137497,425.5,3.0,3.0,1.0,66.64,5.0,0.0,1.0
CN(C)C(=O)[C@@H]([C@H]1CC[C@@H](c2ccc3ncnn3c2)CC1)[C@H](N)C(=O)N1CCC(F)(F)C1,CHEMBL238191,,CN(C)C(=O)[C@@H]([C@H]1CC[C@@H](c2ccc3ncnn3c2)CC1)[C@H](N)C(=O)N1CCC(F)(F)C1,2,81.0,32.0,130.0,7.190453334686628,6.886056647693163,7.494850021680094,0.4304819230875966,7.195,B,CHEMBL898850;CHEMBL898855,CHEMBL1137497,448.52,1.9,6.0,1.0,96.83,5.0,0.0,0.6087933739869307
CN(C)C(=O)[C@@H]([C@H]1CC[C@@H](c2cccc3ncnn32)CC1)[C@H](N)C(=O)N1CCC(F)(F)C1,CHEMBL237783,,CN(C)C(=O)[C@@H]([C@H]1CC[C@@H](c2cccc3ncnn32)CC1)[C@H](N)C(=O)N1CCC(F)(F)C1,2,465.0,260.0,670.0,6.3794759246641775,6.173925197299173,6.585026652029182,0.2906926263952436,6.375,B,CHEMBL898850;CHEMBL898855,CHEMBL1137497,448.52,1.9,6.0,1.0,96.83,5.0,0.0,0.4111014547300087
CN(C)C(=O)[C@@H]([C@H]1CC[C@@H](c2cccc3ncnn32)CC1)[C@H](N)C(=O)N1CC[C@H](F)C1,CHEMBL237566,,CN(C)C(=O)[C@@H]([C@H]1CC[C@@H](c2cccc3ncnn32)CC1)[C@H](N)C(=O)N1CC[C@H](F)C1,2,565.0,310.0,820.0,6.297412226891005,6.086186147616283,6.508638306165727,0.2987187860372061,6.3,B,CHEMBL898850;CHEMBL898855,CHEMBL1137497,430.53,1.61,6.0,1.0,96.83,5.0,0.0,0.4224521585494436
CN(C)C(=O)[C@@H]([C@H]1CC[C@H](C2CCc3ncnn3C2)CC1)[C@H](N)C(=O)N1CCC(F)(F)C1,CHEMBL235199,,CN(C)C(=O)[C@@H]([C@H]1CC[C@H](C2CCc3ncnn3C2)CC1)[C@H](N)C(=O)N1CCC(F)(F)C1,2,79.0,38.0,120.0,7.170517578667782,6.920818753952375,7.42021640338319,0.35312746442115145,7.17,B,CHEMBL898850;CHEMBL898855,CHEMBL1137497,452.55,1.55,6.0,1.0,97.35,5.0,0.0,0.499397649430815
CN(C)C(=O)[C@@H]([C@H]1CC[C@H](c2ccc(F)cc2)CC1)[C@H](N)C(=O)N1CCC(F)(F)C1,CHEMBL238190,,CN(C)C(=O)[C@@H]([C@H]1CC[C@H](c2ccc(F)cc2)CC1)[C@H](N)C(=O)N1CCC(F)(F)C1,2,150.5,11.0,290.0,7.2481046584714095,6.537602002101044,7.958607314841775,1.004802492741081,7.25,B,CHEMBL898850;CHEMBL898855,CHEMBL1137497,425.5,3.0,3.0,1.0,66.64,5.0,0.0,1.4210053127407303
CN(C)C(=O)[C@@H]([C@H]1CC[C@H](c2ccc3ncnn3c2)CC1)[C@H](N)C(=O)N1CCC(F)(F)C1,CHEMBL437557,,CN(C)C(=O)[C@@H]([C@H]1CC[C@H](c2ccc3ncnn3c2)CC1)[C@H](N)C(=O)N1CCC(F)(F)C1,2,67.4,4.8,130.0,7.602407705158788,6.886056647693163,8.318758762624412,1.0130733808881947,7.605,B,CHEMBL898850;CHEMBL898855,CHEMBL1137497,448.52,1.9,6.0,1.0,96.83,5.0,0.0,1.4327021149312493
CN(C)C(=O)[C@@H]([C@H]1CC[C@H](c2cccc3ncnn32)CC1)[C@H](N)C(=O)N1CCC(F)(F)C1,CHEMBL237997,,CN(C)C(=O)[C@@H]([C@H]1CC[C@H](c2cccc3ncnn32)CC1)[C@H](N)C(=O)N1CCC(F)(F)C1,3,4.8,2.5,23.0,8.318758762624412,7.638272163982407,8.602059991327963,0.4953464399212221,8.32,B,CHEMBL3074800;CHEMBL898850;CHEMBL898855,CHEMBL1137497;CHEMBL3046539,448.52,1.9,6.0,1.0,96.83,5.0,0.0,0.9637878273455556
CN(C)C(=O)[C@@H]([C@H]1CC[C@H](c2cccc3ncnn32)CC1)[C@H](N)C(=O)N1CC[C@H](F)C1,CHEMBL400841,,CN(C)C(=O)[C@@H]([C@H]1CC[C@H](c2cccc3ncnn32)CC1)[C@H](N)C(=O)N1CC[C@H](F)C1,2,14.15,2.3,26.0,8.111649408005794,7.585026652029182,8.638272163982407,0.7447570437564224,8.11,B,CHEMBL898850;CHEMBL898855,CHEMBL1137497,430.53,1.61,6.0,1.0,96.83,5.0,0.0,1.0532455119532251
CN(C)C(=O)[C@@H](c1ccc(-c2ccc(=O)n(C)c2)cc1)[C@H](N)C(=O)N1CC[C@H](F)C1,CHEMBL209162,,CN(C)C(=O)[C@@H](c1ccc(-c2ccc(=O)n(C)c2)cc1)[C@H](N)C(=O)N1CC[C@H](F)C1.O=C(O)C(F)(F)F,2,43.5,8.0,79.0,7.599641460858807,7.102372908709558,8.096910013008056,0.7032439305911007,7.6,B,CHEMBL866326;CHEMBL866327,CHEMBL1148642,414.48,1.12,5.0,1.0,88.64,5.0,0.0,0.9945371042984981
CN(C)C(=O)[C@@H](c1ccc(-c2ccc(F)cc2)cc1)[C@H](N)C(=O)N1CC[C@H](F)C1,CHEMBL191067;CHEMBL237119,,CN(C)C(=O)[C@@H](c1ccc(-c2ccc(F)cc2)cc1)[C@H](N)C(=O)N1CC[C@H](F)C1;CN(C)C(=O)[C@@H](c1ccc(-c2ccc(F)cc2)cc1)[C@H](N)C(=O)N1CC[C@H](F)C1.O=C(O)C(F)(F)F,7,18.0,12.0,387.0,7.7447274948966935,6.412289034981089,7.920818753952375,0.6902807489454746,7.75,B,CHEMBL827856;CHEMBL828036;CHEMBL828037;CHEMBL829480;CHEMBL829481;CHEMBL829482;CHEMBL898850,CHEMBL1137497;CHEMBL1139622,401.46,2.56,3.0,1.0,66.64,5.0,0.0,1.5085297189712863
CN(C)C(=O)[C@@H](c1ccc(-c2ccc3nccn3c2)cc1)[C@H](N)C(=O)N1CC[C@H](F)C1,CHEMBL378673,,CN(C)C(=O)[C@@H](c1ccc(-c2ccc3nccn3c2)cc1)[C@H](N)C(=O)N1CC[C@H](F)C1.O=C(O)C(F)(F)F,2,73.0,13.0,133.0,7.381102503363039,6.876148359032914,7.886056647693163,0.7141129992881633,7.385,B,CHEMBL866326;CHEMBL866327,CHEMBL1148642,423.49,2.07,5.0,1.0,83.94,5.0,0.0,1.0099082886602488
CN(C)C(=O)[C@@H](c1ccc(-c2ccc3nccn3n2)cc1)[C@H](N)C(=O)N1CC[C@H](F)C1,CHEMBL379702,,CN(C)C(=O)[C@@H](c1ccc(-c2ccc3nccn3n2)cc1)[C@H](N)C(=O)N1CC[C@H](F)C1.O=C(O)C(F)(F)F,2,95.0,13.0,177.0,7.319041690665678,6.752026733638194,7.886056647693163,0.8018802422966662,7.32,B,CHEMBL866326;CHEMBL866327,CHEMBL1148642,424.48,1.47,6.0,1.0,96.83,5.0,0.0,1.1340299140549694
CN(C)C(=O)[C@@H](c1ccc(-c2ccc3ncnn3c2)cc1)[C@H](N)C(=O)N1CC(F)C1,CHEMBL210974,,CN(C)C(=O)[C@@H](c1ccc(-c2ccc3ncnn3c2)cc1)[C@H](N)C(=O)N1CC(F)C1.O=C(O)C(F)(F)F,2,21.85,2.7,41.0,7.977926189560638,7.3872161432802645,8.568636235841012,0.8353901588797433,7.98,B,CHEMBL866326;CHEMBL866327,CHEMBL1148642,410.45,1.08,6.0,1.0,96.83,5.0,0.0,1.1814200925607476
CN(C)C(=O)[C@@H](c1ccc(-c2ccc3ncnn3c2)cc1)[C@H](N)C(=O)N1CCC(F)(F)C1,CHEMBL209064;CHEMBL537869,,CN(C)C(=O)[C@@H](c1ccc(-c2ccc3ncnn3c2)cc1)[C@H](N)C(=O)N1CCC(F)(F)C1.Cl;CN(C)C(=O)[C@@H](c1ccc(-c2ccc3ncnn3c2)cc1)[C@H](N)C(=O)N1CCC(F)(F)C1.O=C(O)C(F)(F)F,4,31.9,6.3,71.0,7.657577319177793,7.1487416512809245,8.200659450546418,0.5386004190723278,7.66,B,CHEMBL866326;CHEMBL866327,CHEMBL1148642,442.47,1.76,6.0,1.0,96.83,5.0,0.0,1.0519177992654933
CN(C)C(=O)[C@@H](c1ccc(-c2ccc3ncnn3c2)cc1)[C@H](N)C(=O)N1CCCC1,CHEMBL378048,,CN(C)C(=O)[C@@H](c1ccc(-c2ccc3ncnn3c2)cc1)[C@H](N)C(=O)N1CCCC1.O=C(O)C(F)(F)F,2,34.1,5.2,63.0,7.742328053455809,7.200659450546418,8.2839966563652,0.7660350845461478,7.74,B,CHEMBL866326;CHEMBL866327,CHEMBL1148642,406.49,1.52,6.0,1.0,96.83,5.0,0.0,1.0833372058187827
CN(C)C(=O)[C@@H](c1ccc(-c2ccc3ncnn3c2)cc1)[C@H](N)C(=O)N1CC[C@H](F)C1,CHEMBL237337;CHEMBL377221,,CN(C)C(=O)[C@@H](c1ccc(-c2ccc3ncnn3c2)cc1)[C@H](N)C(=O)N1CC[C@H](F)C1;CN(C)C(=O)[C@@H](c1ccc(-c2ccc3ncnn3c2)cc1)[C@H](N)C(=O)N1CC[C@H](F)C1.O=C(O)C(F)(F)F,5,4.3,4.0,44.0,8.366531544420413,7.356547323513812,8.397940008672037,0.4589705692563159,8.37,B,CHEMBL3074800;CHEMBL866326;CHEMBL866327;CHEMBL887122;CHEMBL898850,CHEMBL1137497;CHEMBL1139199;CHEMBL1148642;CHEMBL3046539,424.48,1.47,6.0,1.0,96.83,5.0,0.0,1.0413926851582254
CN(C)C(=O)[C@@H](c1ccc(-c2ccc3nncn3c2)cc1)[C@H](N)C(=O)N1CC[C@H](F)C1,CHEMBL207348,,CN(C)C(=O)[C@@H](c1ccc(-c2ccc3nncn3c2)cc1)[C@H](N)C(=O)N1CC[C@H](F)C1.O=C(O)C(F)(F)F,2,10.05,4.1,16.0,8.091548080312169,7.795880017344075,8.387216143280265,0.4181377846100613,8.095,B,CHEMBL866326;CHEMBL866327,CHEMBL1148642,424.48,1.47,6.0,1.0,96.83,5.0,0.0,0.5913361259361896
CN(C)C(=O)[C@@H](c1ccc(-c2ccn3nccc3n2)cc1)[C@H](N)C(=O)N1CCC(F)(F)C1,CHEMBL208957,,CN(C)C(=O)[C@@H](c1ccc(-c2ccn3nccc3n2)cc1)[C@H](N)C(=O)N1CCC(F)(F)C1.O=C(O)C(F)(F)F,2,32.25,7.5,57.0,7.684531940467904,7.2441251443275085,8.1249387366083,0.6228292640630304,7.68,B,CHEMBL866326;CHEMBL866327,CHEMBL1148642,442.47,1.76,6.0,1.0,96.83,5.0,0.0,0.8808135922807914
CN(C)C(=O)[C@@H](c1ccc(-c2ccn3nccc3n2)cc1)[C@H](N)C(=O)N1CC[C@H](F)C1,CHEMBL210459,,CN(C)C(=O)[C@@H](c1ccc(-c2ccn3nccc3n2)cc1)[C@H](N)C(=O)N1CC[C@H](F)C1.O=C(O)C(F)(F)F,2,30.5,8.0,53.0,7.686317071703634,7.275724130399211,8.096910013008056,0.580666106207375,7.6899999999999995,B,CHEMBL866326;CHEMBL866327,CHEMBL1148642,424.48,1.47,6.0,1.0,96.83,5.0,0.0,0.8211858826088454
CN(C)C(=O)[C@@H](c1ccc(-c2ccn3ncnc3c2)cc1)[C@H](N)C(=O)N1CCC(F)(F)C1,CHEMBL210829,,CN(C)C(=O)[C@@H](c1ccc(-c2ccn3ncnc3c2)cc1)[C@H](N)C(=O)N1CCC(F)(F)C1.O=C(O)C(F)(F)F,2,20.1,6.2,34.0,7.838064696729745,7.468521082957745,8.207608310501746,0.522613590484728,7.84,B,CHEMBL866326;CHEMBL866327,CHEMBL1148642,442.47,1.76,6.0,1.0,96.83,5.0,0.0,0.739087227544001
CN(C)C(=O)[C@@H](c1ccc(-c2ccn3ncnc3c2)cc1)[C@H](N)C(=O)N1CC[C@H](F)C1,CHEMBL210999,,CN(C)C(=O)[C@@H](c1ccc(-c2ccn3ncnc3c2)cc1)[C@H](N)C(=O)N1CC[C@H](F)C1.O=C(O)C(F)(F)F,2,20.15,5.3,35.0,7.865828043024468,7.455931955649724,8.275724130399212,0.5796806059290297,7.869999999999999,B,CHEMBL866326;CHEMBL866327,CHEMBL1148642,424.48,1.47,6.0,1.0,96.83,5.0,0.0,0.8197921747494874
CN(C)C(=O)[C@@H](c1ccc(N(C)C(=O)c2ccc(F)cc2)cc1)[C@H](N)C(=O)N1CC[C@H](F)C1,CHEMBL245969,,CN(C)C(=O)[C@@H](c1ccc(N(C)C(=O)c2ccc(F)cc2)cc1)[C@H](N)C(=O)N1CC[C@H](F)C1.O=C(O)C(F)(F)F,2,94.0,28.0,160.0,7.174360993000928,6.795880017344075,7.552841968657781,0.5352529288741225,7.175,B,CHEMBL887122;CHEMBL887126,CHEMBL1139199,458.51,2.17,4.0,1.0,86.95,6.0,0.0,0.7569619513137056
CNC(=O)c1cc(-c2ccc(Cl)cc2Cl)c(CN)c(C)n1,CHEMBL1688426,,CNC(=O)c1cc(-c2ccc(Cl)cc2Cl)c(CN)c(C)n1,2,8.5,6.0,11.0,8.090228032229065,7.958607314841775,8.221848749616356,0.18613980361838284,8.09,B,CHEMBL1696535;CHEMBL1696537,CHEMBL1687705,324.21,3.18,3.0,2.0,68.01,3.0,0.0,0.2632414347745815
COCc1nsc(N2CCN(C(=O)[C@@H]3CN[C@H](C(=O)N4CCCC4)C3)CC2)n1,CHEMBL269965,,COCc1nsc(N2CCN(C(=O)[C@@H]3CN[C@H](C(=O)N4CCCC4)C3)CC2)n1,2,28.5,17.0,40.0,7.583745543646882,7.3979400086720375,7.769551078621726,0.2627687075254131,7.585,B,CHEMBL932061;CHEMBL932062,CHEMBL1143182,408.53,-0.07,8.0,1.0,90.9,5.0,0.0,0.3716110699496884
COc1cc([C@H]2CC[C@@H]([C@H](C(=O)N(C)C)[C@H](N)C(=O)N3CCC(F)(F)C3)CC2)nc(OC)n1,CHEMBL235004,,COc1cc([C@H]2CC[C@@H]([C@H](C(=O)N(C)C)[C@H](N)C(=O)N3CCC(F)(F)C3)CC2)nc(OC)n1,2,1400.0,100.0,2700.0,6.284318117920506,5.568636235841012,7.0,1.0121270239815223,6.285,B,CHEMBL898850;CHEMBL898855,CHEMBL1137497,469.53,1.67,7.0,1.0,110.88,7.0,0.0,1.4313637641589878
COc1cc([C@H]2CC[C@H]([C@H](C(=O)N(C)C)[C@H](N)C(=O)N3CCC(F)(F)C3)CC2)nc(OC)n1,CHEMBL235223,,COc1cc([C@H]2CC[C@H]([C@H](C(=O)N(C)C)[C@H](N)C(=O)N3CCC(F)(F)C3)CC2)nc(OC)n1,2,1080.0,260.0,1900.0,6.1531365255381765,5.721246399047171,6.585026652029182,0.6107848743386113,6.15,B,CHEMBL898850;CHEMBL898855,CHEMBL1137497,469.53,1.67,7.0,1.0,110.88,7.0,0.0,0.8637802529820107
COc1cc2c3c(ccc2cc1NS(C)(=O)=O)O[C@H](c1cc(F)c(F)cc1F)[C@@H](N)C3,CHEMBL3942843,,COc1cc2c3c(ccc2cc1NS(C)(=O)=O)O[C@H](c1cc(F)c(F)cc1F)[C@@H](N)C3,2,18.065,6.13,30.0,7.867709135380961,7.522878745280337,8.212539525481585,0.4876638143987072,7.865,B,CHEMBL3862754;CHEMBL5734602,CHEMBL3861975;CHEMBL5727415,452.45,3.64,5.0,2.0,90.65,4.0,0.0,0.6896607802012475
COc1ccc(-c2cc(N3C[C@H](c4cc(F)c(F)cc4F)[C@@H](N)C3)ncn2)cn1,CHEMBL237786,,COc1ccc(-c2cc(N3C[C@H](c4cc(F)c(F)cc4F)[C@@H](N)C3)ncn2)cn1,2,21.7,6.4,37.0,7.812809150974559,7.431798275933005,8.193820026016112,0.5388307468954059,7.81,B,CHEMBL899730,CHEMBL1137469,401.39,2.9,6.0,1.0,77.16,4.0,0.0,0.7620217500831075
COc1ccc(C(=O)N(C)C2CCC([C@H](C)[C@H](N)C(=O)N3CC[C@H](F)C3)CC2)cc1,CHEMBL395696,,COc1ccc(C(=O)N(C)C2CCC([C@H](C)[C@H](N)C(=O)N3CC[C@H](F)C3)CC2)cc1.Cl,2,62.0,27.0,97.0,7.2909322507873835,7.013228265733755,7.568636235841012,0.392732741987897,7.29,B,CHEMBL887122;CHEMBL887126,CHEMBL1139199,419.54,2.86,4.0,1.0,75.87,6.0,0.0,0.5554079701072574
COc1ccc(C(=O)NC2CCC([C@H](C)[C@H](N)C(=O)N3CC[C@H](F)C3)CC2)cc1,CHEMBL245380,,COc1ccc(C(=O)NC2CCC([C@H](C)[C@H](N)C(=O)N3CC[C@H](F)C3)CC2)cc1.Cl,2,142.0,74.0,210.0,6.904274492767552,6.6777807052660805,7.130768280269024,0.32031058607783097,6.904999999999999,B,CHEMBL887122;CHEMBL887126,CHEMBL1139199,405.51,2.52,4.0,2.0,84.66,6.0,0.0,0.4529875750029433
COc1ccc(CC2c3nnc(C(F)(F)F)n3CCN2C(=O)C[C@H](N)Cc2cc(F)c(F)cc2F)cc1,CHEMBL539352,,COc1ccc(CC2c3nnc(C(F)(F)F)n3CCN2C(=O)C[C@H](N)Cc2cc(F)c(F)cc2F)cc1.Cl,2,160.215,0.43,320.0,7.930690783050253,6.494850021680094,9.366531544420413,2.0305854781377906,7.935,B,CHEMBL944056,CHEMBL1140747,527.47,3.81,6.0,1.0,86.27,7.0,1.0,2.871681522740319
COc1ccc(C[C@H](N)C(=O)N2CCC[C@H]2C#N)cc1,CHEMBL3093920,,COc1ccc(C[C@H](N)C(=O)N2CCC[C@H]2C#N)cc1,2,23.0,17.0,29.0,7.653576540361385,7.537602002101044,7.769551078621726,0.1640127648977313,7.654999999999999,B,CHEMBL3096171;CHEMBL5247172,CHEMBL3091389;CHEMBL5244277,273.34,1.08,4.0,1.0,79.35,4.0,0.0,0.23194907652068153
COc1ccc(C[C@H](N)C(=O)N2C[C@@H](F)C[C@H]2C#N)cc1,CHEMBL3093905,,COc1ccc(C[C@H](N)C(=O)N2C[C@@H](F)C[C@H]2C#N)cc1,2,10.0,5.0,15.0,8.06246936830415,7.823908740944319,8.301029995663981,0.33737567466050744,8.06,B,CHEMBL3096171;CHEMBL5247172,CHEMBL3091389;CHEMBL5244277,291.33,1.03,4.0,1.0,79.35,4.0,0.0,0.4771212547196626
COc1ccc2c3c(ccc2c1)O[C@@H](c1cc(F)c(F)cc1F)[C@H](N)C3,CHEMBL3929146,,COc1ccc2c3c(ccc2c1)O[C@@H](c1cc(F)c(F)cc1F)[C@H](N)C3,2,431.58500000000004,49.73,813.44,6.6965280081149405,6.089674475462105,7.303381540767775,0.8582204962516639,6.695,B,CHEMBL3862754,CHEMBL3861975,359.35,4.27,3.0,1.0,44.48,2.0,0.0,1.2137070653056705
COc1ccc2ccc3c(c2c1)C[C@H](N)[C@@H](c1cc(F)c(F)cc1F)O3,CHEMBL3928073,,COc1ccc2ccc3c(c2c1)C[C@H](N)[C@@H](c1cc(F)c(F)cc1F)O3,2,37.78,14.95,60.61,7.521407261664771,7.21745571598999,7.825358807339551,0.4298523981975399,7.525,B,CHEMBL3862754,CHEMBL3861975,359.35,4.27,3.0,1.0,44.48,2.0,0.0,0.6079030913495611
CS(=O)(=O)c1ccc(-c2noc([C@@H](CC3CC3)[C@H](N)C(F)=C3CCCC3)n2)c(Cl)c1,CHEMBL1185242;CHEMBL402163,,CS(=O)(=O)c1ccc(-c2noc([C@@H](CC3CC3)[C@H](N)C(F)=C3CCCC3)n2)c(Cl)c1;CS(=O)(=O)c1ccc(-c2noc([C@@H](CC3CC3)[C@H](N)C(F)=C3CCCC3)n2)c(Cl)c1.O=C(O)C(F)(F)F,2,6.105,0.21,12.0,8.799299729609228,7.920818753952375,9.67778070526608,1.24235971006067,8.8,B,CHEMBL3074800;CHEMBL933456,CHEMBL1143883;CHEMBL3046539,453.97,4.8,6.0,1.0,99.08,7.0,0.0,1.7569619513137056
CS(=O)(=O)c1ccc2c(c1)nc1n2C[C@H](N)[C@@H](c2cc(F)c(F)cc2F)C1,CHEMBL1197118;CHEMBL559940,,CS(=O)(=O)c1ccc2c(c1)nc1n2C[C@H](N)[C@@H](c2cc(F)c(F)cc2F)C1;CS(=O)(=O)c1ccc2c(c1)nc1n2C[C@H](N)[C@@H](c2cc(F)c(F)cc2F)C1.O=C(O)C(F)(F)F,3,11.0,4.2,42.0,7.958607314841775,7.376750709602099,8.3767507096021,0.5022285349059609,7.96,B,CHEMBL1054090;CHEMBL1054112;CHEMBL3074800,CHEMBL1153045;CHEMBL3046539,395.41,2.52,5.0,1.0,77.98,2.0,0.0,1.0
CS(=O)(=O)c1ccc2c3c(ccc2c1)O[C@H](c1cc(F)c(F)cc1F)[C@@H](N)C3,CHEMBL3932825,,CS(=O)(=O)c1ccc2c3c(ccc2c1)O[C@H](c1cc(F)c(F)cc1F)[C@@H](N)C3,2,8.255,5.8,10.71,8.103391267802603,7.970210529168144,8.236572006437063,0.1883460068237193,8.105,B,CHEMBL3862754,CHEMBL3861975,407.41,3.66,4.0,1.0,69.39,2.0,0.0,0.26636147726891934
CS(=O)(=O)n1cc2c(n1)CN([C@H]1CO[C@H](c3cc(F)ccc3F)[C@@H](N)C1)C2,CHEMBL2105762,OMARIGLIPTIN,CS(=O)(=O)n1cc2c(n1)CN([C@H]1CO[C@H](c3cc(F)ccc3F)[C@@H](N)C1)C2,6,2.41,1.6,4.2,8.619336838789271,8.3767507096021,8.795880017344075,0.14791473022289367,8.620000000000001,B,CHEMBL3243518;CHEMBL3737789;CHEMBL3862754;CHEMBL4616383;CHEMBL5731884;CHEMBL5734602,CHEMBL3232717;CHEMBL3734760;CHEMBL3861975;CHEMBL4613324;CHEMBL5726024;CHEMBL5727415,398.44,1.14,7.0,1.0,90.45,3.0,0.0,0.41912930774197577
C[C@@H](C1CCC(N(C)C(=O)C2CC2)CC1)[C@H](N)C(=O)N1CC[C@H](F)C1,CHEMBL392825,,C[C@@H](C1CCC(N(C)C(=O)C2CC2)CC1)[C@H](N)C(=O)N1CC[C@H](F)C1.Cl,2,34.0,21.0,47.0,7.502841423665181,7.327902142064282,7.6777807052660805,0.24740150463179772,7.505,B,CHEMBL887122;CHEMBL887126,CHEMBL1139199,353.48,1.95,3.0,1.0,66.64,5.0,0.0,0.34987856320179844
C[C@@H](C1CCC(N(C)C(=O)c2cccc(F)c2)CC1)[C@H](N)C(=O)N1CC[C@H](F)C1,CHEMBL245379,,C[C@@H](C1CCC(N(C)C(=O)c2cccc(F)c2)CC1)[C@H](N)C(=O)N1CC[C@H](F)C1.Cl,2,57.0,22.0,92.0,7.346894745916119,7.036212172654444,7.657577319177793,0.43937150869963276,7.35,B,CHEMBL887122;CHEMBL887126,CHEMBL1139199,407.51,2.99,3.0,1.0,66.64,5.0,0.0,0.621365146523349
C[C@@H](C1CCC(NS(=O)(=O)c2ccc(F)cc2F)CC1)[C@H](N)C(=O)N1CC[C@H](F)C1,CHEMBL246372,,C[C@@H](C1CCC(NS(=O)(=O)c2ccc(F)cc2F)CC1)[C@H](N)C(=O)N1CC[C@H](F)C1.Cl,2,975.0,460.0,1490.0,6.082027949953076,5.826813731587726,6.337242168318426,0.36092740892272673,6.085,B,CHEMBL887122;CHEMBL887126,CHEMBL1139199,447.52,2.34,4.0,2.0,92.5,6.0,0.0,0.5104284367306997
C[C@@H](C1CCC(NS(=O)(=O)c2ccc(OC(F)(F)F)cc2)CC1)[C@H](N)C(=O)N1CC[C@H](F)C1,CHEMBL246373,,C[C@@H](C1CCC(NS(=O)(=O)c2ccc(OC(F)(F)F)cc2)CC1)[C@H](N)C(=O)N1CC[C@H](F)C1.Cl,2,1955.0,440.0,3470.0,5.9081089243614695,5.459670525209127,6.356547323513812,0.6341876659701223,5.91,B,CHEMBL887122;CHEMBL887126,CHEMBL1139199,495.54,2.96,5.0,2.0,101.73,7.0,0.0,0.8968767983046853
C[C@@H](C1CCC(c2ccc(F)cc2)CC1)[C@H](N)C(=O)N1CC[C@](C)(F)C1,CHEMBL392524,,C[C@@H](C1CCC(c2ccc(F)cc2)CC1)[C@H](N)C(=O)N1CC[C@](C)(F)C1,2,201.0,12.0,390.0,7.164877073462938,6.4089353929735005,7.920818753952375,1.069062976911271,7.165,B,CHEMBL898850;CHEMBL898855,CHEMBL1137497,364.48,4.02,2.0,1.0,46.33,4.0,0.0,1.5118833609788744
C[C@@H](C1CCC(c2cccc3ncnn23)CC1)[C@H](N)C(=O)N1CCC(F)(F)C1,CHEMBL237152,,C[C@@H](C1CCC(c2cccc3ncnn23)CC1)[C@H](N)C(=O)N1CCC(F)(F)C1,2,14.75,1.5,28.0,8.18837535480105,7.552841968657781,8.823908740944319,0.8987799340247083,8.185,B,CHEMBL898850;CHEMBL898855,CHEMBL1137497,391.47,2.83,5.0,1.0,76.52,4.0,0.0,1.271066772286538
C[C@@H](C1CCC(c2cccnc2)CC1)[C@H](N)C(=O)N1CCC(F)(F)C1,CHEMBL237151,,C[C@@H](C1CCC(c2cccnc2)CC1)[C@H](N)C(=O)N1CCC(F)(F)C1,2,77.3,4.6,150.0,7.580575454631372,6.823908740944319,8.337242168318426,1.0700883286925107,7.58,B,CHEMBL898850;CHEMBL898855,CHEMBL1137497,351.44,3.19,3.0,1.0,59.22,4.0,0.0,1.513333427374107
C[C@@H](N)C(=O)N1CCC[C@H]1B(O)O,CHEMBL196120,,C[C@@H](N)C(=O)N1CCC[C@H]1B(O)O,2,10500.4,0.8,21000.0,6.887345359137068,4.6777807052660805,9.096910013008056,3.1247963004445647,6.89,B,CHEMBL880567;CHEMBL913151,CHEMBL1139886;CHEMBL1141049,186.02,,,,,,,4.419129307741976
C[C@H](N)C(=O)N1CCC[C@H]1B(O)O,CHEMBL63860,,C[C@H](N)C(=O)N1CCC[C@H]1B(O)O,10,257.5,0.26,35000.0,7.06246936830415,4.455931955649724,9.585026652029182,1.849740681806442,7.0600000000000005,B,CHEMBL1768625;CHEMBL1768626;CHEMBL2066843;CHEMBL3706075;CHEMBL5737203;CHEMBL665783;CHEMBL913151;CHEMBL913152,CHEMBL1129318;CHEMBL1139886;CHEMBL1765065;CHEMBL2062502;CHEMBL3638744;CHEMBL5728672,186.02,,,,,,,5.1290946963794575
C[C@H](N)C(=S)N1CCC[C@H]1B(O)O,CHEMBL3686733,,C[C@H](N)C(=S)N1CCC[C@H]1B(O)O,3,200.0,0.35,20000.0,6.698970004336019,4.698970004336019,9.455931955649724,2.388497652194707,6.7,B,CHEMBL3706075;CHEMBL5737203,CHEMBL3638744;CHEMBL5728672,202.09,,,,,,,4.756961951313706
C[C@H](NC(=O)[C@H](C)N)B(O)O,CHEMBL3639856,,C[C@H](NC(=O)[C@H](C)N)B(O)O,2,251.5,63.0,440.0,6.778603387030115,6.356547323513812,7.200659450546418,0.596877409106556,6.78,B,CHEMBL3706075,CHEMBL3638744,159.98,,,,,,,0.8441121270326057
C[S+](C)Cc1ccc2cc1C(=O)NCC(=O)NCC(=O)NCC(=O)NCC(=O)NCCCC[C@H](N)C(=O)N1CCC[C@H]1C(=O)N2,CHEMBL302602,,C[S+](C)Cc1ccc2cc1C(=O)NCC(=O)NCC(=O)NCC(=O)NCC(=O)NCCCC[C@H](N)C(=O)N1CCC[C@H]1C(=O)N2.O=C(O)C(F)(F)F.O=C([O-])C(F)(F)F,2,306.5,3.0,610.0,7.368774455134785,6.214670164989233,8.522878745280337,1.6321499395168135,7.365,B,CHEMBL664926;CHEMBL664927,CHEMBL1131574,647.78,-2.3,8.0,7.0,220.93,2.0,2.0,2.3082085802911045
C[S+](C)Cc1ccc2cc1C(=O)NCC(=O)NCC(=O)NCCCC[C@H](N)C(=O)N1CCC[C@H]1C(=O)N2,CHEMBL277390,,C[S+](C)Cc1ccc2cc1C(=O)NCC(=O)NCC(=O)NCCCC[C@H](N)C(=O)N1CCC[C@H]1C(=O)N2.O=C(O)C(F)(F)F.O=C([O-])C(F)(F)F,2,506.0,12.0,1000.0,6.9604093769761874,6.0,7.920818753952375,1.3582239663500189,6.96,B,CHEMBL664926;CHEMBL664927,CHEMBL1131574,533.68,-0.53,6.0,5.0,162.73,2.0,1.0,1.920818753952375
Cc1c(-c2ccc([C@H](C(=O)N(C)C)[C@H](N)C(=O)N3CC[C@H](F)C3)cc2)ccc2ncnn12,CHEMBL209111,,Cc1c(-c2ccc([C@H](C(=O)N(C)C)[C@H](N)C(=O)N3CC[C@H](F)C3)cc2)ccc2ncnn12.O=C(O)C(F)(F)F,2,34.8,8.6,61.0,7.640085856872832,7.214670164989233,8.065501548756432,0.6016286411081201,7.640000000000001,B,CHEMBL866326;CHEMBL866327,CHEMBL1148642,438.51,1.77,6.0,1.0,96.83,5.0,0.0,0.8508313837671988
Cc1cc(-c2ccc([C@H](C(=O)N(C)C)[C@H](N)C(=O)N3CC[C@H](F)C3)cc2)cn2ncnc12,CHEMBL210621,,Cc1cc(-c2ccc([C@H](C(=O)N(C)C)[C@H](N)C(=O)N3CC[C@H](F)C3)cc2)cn2ncnc12.O=C(O)C(F)(F)F,2,395.0,150.0,640.0,6.508864383480216,6.1938200260161125,6.823908740944319,0.445540003074852,6.505000000000001,B,CHEMBL866326;CHEMBL866327,CHEMBL1148642,438.51,1.77,6.0,1.0,96.83,5.0,0.0,0.6300887149282062
Cc1cc(N2CCN(C(=O)[C@@H]3CN[C@H](C(=O)N4CCCC4)C3)CC2)sn1,CHEMBL272079,,Cc1cc(N2CCN(C(=O)[C@@H]3CN[C@H](C(=O)N4CCCC4)C3)CC2)sn1,2,139.5,69.0,210.0,6.919465807264412,6.6777807052660805,7.161150909262744,0.34179434906956585,6.92,B,CHEMBL932061;CHEMBL932062,CHEMBL1143182,377.51,0.7,6.0,1.0,68.78,3.0,0.0,0.48337020399666386
Cc1cc(N2CCN([C@@H]3CN[C@H](C(=O)N4CCSC4)C3)CC2)n(-c2ccccc2)n1,CHEMBL2147777;CHEMBL5596356,TENELIGLIPTIN,Br.Cc1cc(N2CCN([C@@H]3CN[C@H](C(=O)N4CCSC4)C3)CC2)n(-c2ccccc2)n1.O;Cc1cc(N2CCN([C@@H]3CN[C@H](C(=O)N4CCSC4)C3)CC2)n(-c2ccccc2)n1,2,0.685,0.37,1.0,9.215899137966503,9.0,9.431798275933005,0.30532748901688783,9.215,B,CHEMBL2149800;CHEMBL5584751,CHEMBL2146473;CHEMBL5584222,426.59,1.57,7.0,1.0,56.64,4.0,0.0,0.431798275933005
Cc1cnc(N2CCN(C(=O)[C@@H]3CN[C@H](C(=O)N4CCCC4)C3)CC2)s1,CHEMBL439067,,Cc1cnc(N2CCN(C(=O)[C@@H]3CN[C@H](C(=O)N4CCCC4)C3)CC2)s1,2,720.0,340.0,1100.0,6.21356419889976,5.958607314841775,6.468521082957745,0.36056348325518717,6.215,B,CHEMBL932061;CHEMBL932062,CHEMBL1143182,377.51,0.7,6.0,1.0,68.78,3.0,0.0,0.50991376811597
Cc1csc(N2CCN(C(=O)[C@@H]3CN[C@H](C(=O)N4CCCC4)C3)CC2)n1,CHEMBL273206,,Cc1csc(N2CCN(C(=O)[C@@H]3CN[C@H](C(=O)N4CCCC4)C3)CC2)n1,2,101.0,52.0,150.0,7.05395269865476,6.823908740944319,7.2839966563652006,0.3253312849360883,7.050000000000001,B,CHEMBL932061;CHEMBL932062,CHEMBL1143182,377.51,0.7,6.0,1.0,68.78,3.0,0.0,0.4600879154208819
Cc1nc(N2CCN(C(=O)[C@@H]3CN[C@H](C(=O)N4CCCC4)C3)CC2)no1,CHEMBL270395,,Cc1nc(N2CCN(C(=O)[C@@H]3CN[C@H](C(=O)N4CCCC4)C3)CC2)no1,2,952.0,604.0,1300.0,6.052509854536016,5.886056647693163,6.218963061378869,0.23540038261765653,6.055,B,CHEMBL932061;CHEMBL932062,CHEMBL1143182,362.43,-0.37,7.0,1.0,94.81,3.0,0.0,0.3329064136857056
Cc1nc(N2CCN(C(=O)[C@@H]3CN[C@H](C(=O)N4CCCC4)C3)CC2)sc1C,CHEMBL271870,,Cc1nc(N2CCN(C(=O)[C@@H]3CN[C@H](C(=O)N4CCCC4)C3)CC2)sc1C,2,1155.0,410.0,1900.0,6.054231271163718,5.721246399047171,6.3872161432802645,0.470911722212291,6.055,B,CHEMBL932061;CHEMBL932062,CHEMBL1143182,391.54,1.01,6.0,1.0,68.78,3.0,0.0,0.6659697442330934
Cc1nc2ccc(-c3ccc([C@H](C(=O)N(C)C)[C@H](N)C(=O)N4CC[C@H](F)C4)cc3)cn2n1,CHEMBL209710,,Cc1nc2ccc(-c3ccc([C@H](C(=O)N(C)C)[C@H](N)C(=O)N4CC[C@H](F)C4)cc3)cn2n1.O=C(O)C(F)(F)F,2,122.5,22.0,223.0,7.154636228064817,6.651695136951839,7.657577319177793,0.7112661121266949,7.155,B,CHEMBL866326;CHEMBL866327,CHEMBL1148642,438.51,1.77,6.0,1.0,96.83,5.0,0.0,1.005882182225954
Cc1ncc(N2CCN(C(=O)[C@@H]3CN[C@H](C(=O)N4CCCC4)C3)CC2)s1,CHEMBL403970,,Cc1ncc(N2CCN(C(=O)[C@@H]3CN[C@H](C(=O)N4CCCC4)C3)CC2)s1,2,375.0,130.0,620.0,6.546832479097454,6.207608310501746,6.886056647693163,0.47973541991278856,6.55,B,CHEMBL932061;CHEMBL932062,CHEMBL1143182,377.51,0.7,6.0,1.0,68.78,3.0,0.0,0.6784483371914174
Cc1ncsc1[C@H]1C[C@@H]1NC(=O)CC(C)(C)NCC(=O)N1C[C@@H](F)C[C@H]1C#N,CHEMBL474767,,Cc1ncsc1[C@H]1C[C@@H]1NC(=O)CC(C)(C)NCC(=O)N1C[C@@H](F)C[C@H]1C#N,3,15.0,10.0,16.0,7.823908740944319,7.795880017344075,8.0,0.11064862416822682,7.82,B,CHEMBL1011679;CHEMBL1011699;CHEMBL1011700,CHEMBL1152812,407.52,1.64,6.0,2.0,98.12,7.0,0.0,0.20411998265592501
Cc1nsc(C2CCN(C(=O)[C@@H]3CN[C@H](C(=O)N4CCCC4)C3)CC2)n1,CHEMBL404159,,Cc1nsc(C2CCN(C(=O)[C@@H]3CN[C@H](C(=O)N4CCCC4)C3)CC2)n1,2,660.0,350.0,970.0,6.23458011069174,6.013228265733755,6.455931955649724,0.3130387811958886,6.234999999999999,B,CHEMBL932061;CHEMBL932062,CHEMBL1143182,377.51,1.15,6.0,1.0,78.43,3.0,0.0,0.44270368991596953
Cc1nsc(N2CCCN(C(=O)[C@@H]3CN[C@H](C(=O)N4CCCC4)C3)CC2)n1,CHEMBL257742,,Cc1nsc(N2CCCN(C(=O)[C@@H]3CN[C@H](C(=O)N4CCCC4)C3)CC2)n1,2,640.0,310.0,970.0,6.260933285949741,6.013228265733755,6.508638306165727,0.35030779905734916,6.26,B,CHEMBL932061;CHEMBL932062,CHEMBL1143182,392.53,0.49,7.0,1.0,81.67,3.0,0.0,0.4954100404319721
Cc1nsc(N2CCN(C(=O)[C@@H]3CN[C@H](C(=O)N4CCCC4)C3)CC2)n1,CHEMBL256691,,Cc1nsc(N2CCN(C(=O)[C@@H]3CN[C@H](C(=O)N4CCCC4)C3)CC2)n1,2,50.0,20.0,80.0,7.3979400086720375,7.096910013008056,7.698970004336019,0.42572070254911626,7.4,B,CHEMBL932061;CHEMBL932062,CHEMBL1143182,378.5,0.1,7.0,1.0,81.67,3.0,0.0,0.6020599913279625
Cc1nsc(N2CCN(C(=O)[C@@H]3CN[C@H](C(=O)N4CCSC4)C3)CC2)n1,CHEMBL403449,,Cc1nsc(N2CCN(C(=O)[C@@H]3CN[C@H](C(=O)N4CCSC4)C3)CC2)n1,2,31.0,18.0,44.0,7.550637409205253,7.356547323513812,7.7447274948966935,0.27448483150699166,7.555,B,CHEMBL932061;CHEMBL932062,CHEMBL1143182,396.54,0.01,8.0,1.0,81.67,3.0,0.0,0.3881801713828814
Cc1nsc(N2CCN(C(=O)[C@H]3C[C@@H](C(=O)N4CCSC4)N[C@H]3C)CC2)n1,CHEMBL269952,,Cc1nsc(N2CCN(C(=O)[C@H]3C[C@@H](C(=O)N4CCSC4)N[C@H]3C)CC2)n1,2,27.5,14.0,41.0,7.620544053801013,7.3872161432802645,7.853871964321762,0.3299754955386187,7.619999999999999,B,CHEMBL932061;CHEMBL932062,CHEMBL1143182,410.57,0.39,8.0,1.0,81.67,3.0,0.0,0.4666558210414973
Cn1c(=O)cc(N2CCC[C@@H](N)C2)n(Cc2cc(F)ccc2C#N)c1=O,CHEMBL1650443;CHEMBL2105754,TRELAGLIPTIN,Cn1c(=O)cc(N2CCC[C@@H](N)C2)n(Cc2cc(F)ccc2C#N)c1=O;Cn1c(=O)cc(N2CCC[C@@H](N)C2)n(Cc2cc(F)ccc2C#N)c1=O.O=C(O)CCC(=O)O,5,4.0,1.3,5.4,8.397940008672037,8.267606240177031,8.886056647693163,0.285202028988484,8.4,B,CHEMBL1664314;CHEMBL4012542;CHEMBL4140929;CHEMBL5366934;CHEMBL5584747,CHEMBL1649419;CHEMBL4011616;CHEMBL4138141;CHEMBL5365448;CHEMBL5584222,357.39,0.53,7.0,1.0,97.05,3.0,0.0,0.6184504075161321
Cn1c(=O)cc(N2CCC[C@@H](N)C2)n(Cc2ccccc2C#N)c1=O,CHEMBL376359,ALOGLIPTIN,Cn1c(=O)cc(N2CCC[C@@H](N)C2)n(Cc2ccccc2C#N)c1=O,16,4.23,1.0,24.0,8.374302574979948,7.619788758288394,9.0,0.37510617008249514,8.375,B,CHEMBL1663348;CHEMBL1664314;CHEMBL1821018;CHEMBL2149434;CHEMBL2389931;CHEMBL2429190;CHEMBL3816312;CHEMBL4012542;CHEMBL4368093;CHEMBL4413686;CHEMBL4841116;CHEMBL5247172;CHEMBL5247248;CHEMBL5329688;CHEMBL6083851;CHEMBL6083860,CHEMBL1649374;CHEMBL1649419;CHEMBL1817578;CHEMBL2146411;CHEMBL2385033;CHEMBL2424575;CHEMBL3813592;CHEMBL4011616;CHEMBL4364319;CHEMBL4411317;CHEMBL4840327;CHEMBL5244277;CHEMBL5329166;CHEMBL6083197,339.4,0.39,7.0,1.0,97.05,3.0,0.0,1.3802112417116064
Cn1c(C(F)(F)F)nc2c1CCN(C(=O)C[C@H](N)Cc1cc(F)c(F)cc1F)C2C1CC1,CHEMBL248810,,Cn1c(C(F)(F)F)nc2c1CCN(C(=O)C[C@H](N)Cc1cc(F)c(F)cc1F)C2C1CC1,2,225.0,110.0,340.0,6.71356419889976,6.468521082957745,6.958607314841775,0.3465432979313604,6.715,B,CHEMBL924146,CHEMBL1140494,460.42,3.65,4.0,1.0,64.15,5.0,0.0,0.49008623188403
Cn1c(C(F)(F)F)nc2c1CCN(C(=O)C[C@H](N)Cc1cc(F)c(F)cc1F)C2Cc1ccc(F)cc1,CHEMBL250285,,Cn1c(C(F)(F)F)nc2c1CCN(C(=O)C[C@H](N)Cc1cc(F)c(F)cc1F)C2Cc1ccc(F)cc1,2,392.9,5.8,780.0,7.172238701873291,6.107905397309519,8.236572006437063,1.5051945941994602,7.175000000000001,B,CHEMBL924146,CHEMBL1140494,528.47,4.62,4.0,1.0,64.15,6.0,1.0,2.128666609127544
Cn1c(C(F)(F)F)nc2c1CCN(C(=O)C[C@H](N)Cc1cc(F)c(F)cc1F)C2Cc1ccccc1,CHEMBL250284,,Cn1c(C(F)(F)F)nc2c1CCN(C(=O)C[C@H](N)Cc1cc(F)c(F)cc1F)C2Cc1ccccc1,2,289.2,8.4,570.0,7.159922929132813,6.2441251443275085,8.075720713938118,1.295133647662899,7.16,B,CHEMBL924146,CHEMBL1140494,510.48,4.48,4.0,1.0,64.15,6.0,1.0,1.8315955696106094
Cn1cnc(S(=O)(=O)n2cc3c(n2)CN([C@H]2CO[C@H](c4cc(F)ccc4F)[C@@H](N)C2)C3)c1,CHEMBL3736423,,Cn1cnc(S(=O)(=O)n2cc3c(n2)CN([C@H]2CO[C@H](c4cc(F)ccc4F)[C@@H](N)C2)C3)c1,2,1.2999999999999998,0.7,1.9,8.938074179516457,8.721246399047171,9.154901959985743,0.3066407878389203,8.935,B,CHEMBL3737789;CHEMBL5247172,CHEMBL3734760;CHEMBL5244277,464.5,1.3,9.0,1.0,108.27,4.0,0.0,0.43365556093857194
Cn1cnc2c1CCN(C(=O)C[C@H](N)Cc1cc(F)c(F)cc1F)C2C(F)(F)F,CHEMBL400954,,Cn1cnc2c1CCN(C(=O)C[C@H](N)Cc1cc(F)c(F)cc1F)C2C(F)(F)F,2,215.0,50.0,380.0,6.860623199523586,6.42021640338319,7.301029995663981,0.6228292640630304,6.859999999999999,B,CHEMBL924146,CHEMBL1140494,420.36,2.79,4.0,1.0,64.15,4.0,0.0,0.8808135922807914
N#CC1CCCN1C(=O)C(N)C1CCCCC1,CHEMBL507254,,N#CC1CCCN1C(=O)C(N)C1CCCCC1,2,29.0,12.0,46.0,7.6290304611354,7.337242168318426,7.920818753952375,0.41265096104345744,7.63,B,CHEMBL3706171;CHEMBL999374,CHEMBL1141676;CHEMBL3639212,235.33,1.41,3.0,1.0,70.12,2.0,0.0,0.5835765856339492
N#C[C@@H]1CCCN1C(=O)CNC12CC3CC(CC(O)(C3)C1)C2,CHEMBL142703,VILDAGLIPTIN,N#C[C@@H]1CCCN1C(=O)CNC12CC3CC(CC(O)(C3)C1)C2,18,21.5,0.58,24000.0,7.668621084159213,4.619788758288394,9.236572006437063,0.9633370692040586,7.67,B,CHEMBL1030770;CHEMBL1057246;CHEMBL1061470;CHEMBL1120109;CHEMBL1821018;CHEMBL2091655;CHEMBL2389931;CHEMBL3096171;CHEMBL3118378;CHEMBL3370155;CHEMBL3620569;CHEMBL4315807;CHEMBL4432067;CHEMBL5366933;CHEMBL664532;CHEMBL827834;CHEMBL829475;CHEMBL938686,CHEMBL1138669;CHEMBL1140240;CHEMBL1146708;CHEMBL1152964;CHEMBL1153009;CHEMBL1153357;CHEMBL1154997;CHEMBL1158614;CHEMBL1817578;CHEMBL2086250;CHEMBL2385033;CHEMBL3091389;CHEMBL3112488;CHEMBL3351537;CHEMBL3616424;CHEMBL4312014;CHEMBL4431324;CHEMBL5365448,303.41,1.17,4.0,2.0,76.36,3.0,0.0,4.6167832481486695
N#C[C@@H]1CCCN1C(=O)[C@@H](N)C1CCCCC1,CHEMBL307636,,N#C[C@@H]1CCCN1C(=O)[C@@H](N)C1CCCCC1,3,3.2,2.0,12.0,8.494850021680094,7.920818753952375,8.698970004336019,0.4034633878726739,8.49,B,CHEMBL664030;CHEMBL664032;CHEMBL829475,CHEMBL1135431;CHEMBL1140240,235.33,1.41,3.0,1.0,70.12,2.0,0.0,0.7781512503836439
N#C[C@@H]1CCCN1C(=O)[C@@H]1CCCN1,CHEMBL381626,,N#C[C@@H]1CCCN1C(=O)[C@@H]1CCCN1,2,11.45,2.9,20.0,8.118286003218532,7.698970004336019,8.537602002101044,0.5930023725396718,8.12,B,CHEMBL876981;CHEMBL892415,CHEMBL1145239;CHEMBL1147187,193.25,0.25,3.0,1.0,56.13,1.0,0.0,0.8386319977650256
N#C[C@@H]1C[C@@H]2C[C@@H]2N1C(=O)[C@@H](N)C12CC3CC(CC(O)(C3)C1)C2,CHEMBL385517,SAXAGLIPTIN ANHYDROUS,N#C[C@@H]1C[C@@H]2C[C@@H]2N1C(=O)[C@@H](N)C12CC3CC(CC(O)(C3)C1)C2,6,3.2,0.6,50.0,8.49569991411904,7.301029995663981,9.221848749616356,0.7497221842539177,8.495000000000001,B,CHEMBL1061470;CHEMBL1119677;CHEMBL1816914;CHEMBL2389931;CHEMBL3118414;CHEMBL5217466,CHEMBL1152964;CHEMBL1158599;CHEMBL1811791;CHEMBL2385033;CHEMBL3112588;CHEMBL5214975,315.42,1.16,4.0,2.0,90.35,2.0,0.0,1.920818753952375
N#C[C@@H]1C[C@H](F)CN1C(=O)[C@@H](N)Cc1ccc(F)cc1,CHEMBL3093903,,N#C[C@@H]1C[C@H](F)CN1C(=O)[C@@H](N)Cc1ccc(F)cc1,2,4.0,3.0,5.0,8.41195437047216,8.301029995663981,8.522878745280337,0.15687075525148192,8.41,B,CHEMBL3096171;CHEMBL5247172,CHEMBL3091389;CHEMBL5244277,279.29,1.16,3.0,1.0,70.12,3.0,0.0,0.22184874961635614
N#Cc1ccc(N2CCN([C@@H]3CN[C@H](C(=O)N4CCSC4)C3)CC2)nc1,CHEMBL241253,,N#Cc1ccc(N2CCN([C@@H]3CN[C@H](C(=O)N4CCSC4)C3)CC2)nc1,2,1.3,1.0,1.6,8.897940008672037,8.795880017344075,9.0,0.14433462391168503,8.9,B,CHEMBL2149800;CHEMBL886678,CHEMBL1139160;CHEMBL2146473,372.5,0.34,7.0,1.0,75.5,3.0,0.0,0.20411998265592501
N#Cc1ccc(NCCNCC(=O)N2CCC[C@H]2C#N)nc1,CHEMBL77538,,N#Cc1ccc(NCCNCC(=O)N2CCC[C@H]2C#N)nc1,4,14.5,1.4,53.0,7.906239639581768,7.275724130399211,8.853871964321762,0.6816846682330279,7.905,B,CHEMBL664031;CHEMBL664923;CHEMBL829475;CHEMBL876981,CHEMBL1135431;CHEMBL1140240;CHEMBL1145239,298.35,0.47,6.0,2.0,104.84,6.0,0.0,1.578147833922551
N#Cc1ccccc1Cn1c(N2CCC[C@@H](N)C2)nc2c(Br)c[nH]c2c1=O,CHEMBL2023067,,N#Cc1ccccc1Cn1c(N2CCC[C@@H](N)C2)nc2c(Br)c[nH]c2c1=O,2,22.7,1.4,44.0,8.105209643917787,7.356547323513812,8.853871964321762,1.0587684071530128,8.105,B,CHEMBL2026010;CHEMBL2353262,CHEMBL2021879;CHEMBL2346603,427.31,2.33,6.0,2.0,103.73,3.0,0.0,1.4973246408079497
N=C(N)NCCC[C@H](N)C(=O)N1CCC[C@H]1B(O)O,CHEMBL3686749,,N=C(N)NCCC[C@H](N)C(=O)N1CCC[C@H]1B(O)O,2,3550.9,1.8,7100.0,6.9467345730888095,5.1487416512809245,8.744727494896694,2.542745975071538,6.945,B,CHEMBL3706075,CHEMBL3638744,271.13,,,,,,,3.595985843615769
NCC(=O)N1CCC[C@H]1B(O)O,CHEMBL67089,,NCC(=O)N1CCC[C@H]1B(O)O,4,3506.5,1.0,16000.0,6.520479303839453,4.795880017344075,9.0,2.0582672293354953,6.525,B,CHEMBL2346132;CHEMBL3706075;CHEMBL665783,CHEMBL1129318;CHEMBL2331146;CHEMBL3638744,171.99,,,,,,,4.204119982655925
NCC(=S)N1CCC[C@H]1B(O)O,CHEMBL3686738,,NCC(=S)N1CCC[C@H]1B(O)O,2,951.5,3.0,1900.0,7.122062572163754,5.721246399047171,8.522878745280337,1.9810532304130493,7.119999999999999,B,CHEMBL3706075,CHEMBL3638744,188.06,,,,,,,2.8016323462331663
NCCCC[C@H](N)C(=O)N1CCC[C@H]1B(O)O,CHEMBL63726,,NCCCC[C@H](N)C(=O)N1CCC[C@H]1B(O)O,2,697.5,95.0,1300.0,6.454166521202158,5.886056647693163,7.022276394711152,0.8034286880344838,6.455,B,CHEMBL5737203;CHEMBL665783,CHEMBL1129318;CHEMBL5728672,243.12,,,,,,,1.1362197470179893
N[C@@H](CC(=O)N1CCCCCN1C(=O)c1ccccc1)Cc1cc(F)c(F)cc1F,CHEMBL513425;CHEMBL539611,,Cl.N[C@@H](CC(=O)N1CCCCCN1C(=O)c1ccccc1)Cc1cc(F)c(F)cc1F;N[C@@H](CC(=O)N1CCCCCN1C(=O)c1ccccc1)Cc1cc(F)c(F)cc1F,3,70.0,70.0,707.95,7.154901959985743,6.149997413907538,7.154901959985743,0.5801819101881301,7.16,B,CHEMBL1034787;CHEMBL886389;CHEMBL886790,CHEMBL1139175;CHEMBL1139956;CHEMBL1141018,419.45,3.43,3.0,1.0,66.64,5.0,0.0,1.0049045460782047
N[C@@H](CC(=O)N1CCCCN1C(=O)c1ccccc1)Cc1cc(F)c(F)cc1F,CHEMBL535180,,Cl.N[C@@H](CC(=O)N1CCCCN1C(=O)c1ccccc1)Cc1cc(F)c(F)cc1F,2,275.595,50.0,501.19,6.800513799260864,6.299997602857746,7.301029995663981,0.7078367931406848,6.8,B,CHEMBL886389;CHEMBL886790,CHEMBL1139175;CHEMBL1139956,405.42,3.04,3.0,1.0,66.64,5.0,0.0,1.001032392806235
N[C@@H](CC(=O)N1CC[C@@H]2[C@@H](CCc3nnc(C(F)(F)F)n32)C1)Cc1cc(F)c(F)cc1F,CHEMBL3425747,,N[C@@H](CC(=O)N1CC[C@@H]2[C@@H](CCc3nnc(C(F)(F)F)n32)C1)Cc1cc(F)c(F)cc1F,2,49.0,28.0,70.0,7.353871964321762,7.154901959985743,7.552841968657781,0.28138607863743126,7.355,B,CHEMBL3429510,CHEMBL3425472,461.41,3.01,5.0,1.0,77.04,4.0,0.0,0.3979400086720375
N[C@@H](CC(=O)N1CC[C@@H]2[C@H](CCc3nnc(C(F)(F)F)n32)C1)Cc1cc(F)c(F)cc1F,CHEMBL3425748,,N[C@@H](CC(=O)N1CC[C@@H]2[C@H](CCc3nnc(C(F)(F)F)n32)C1)Cc1cc(F)c(F)cc1F,2,341.0,145.0,537.0,6.554328856032735,6.270025714300445,6.838631997765026,0.40206535886308525,6.555,B,CHEMBL3429510,CHEMBL3425472,461.41,3.01,5.0,1.0,77.04,4.0,0.0,0.5686062834645806
N[C@@H](CC(=O)N1CCn2c(nnc2C(F)(F)F)C1)Cc1cc(F)c(F)cc1F,CHEMBL1201174;CHEMBL1422;CHEMBL393336;CHEMBL539077,SITAGLIPTIN,Cl.N[C@@H](CC(=O)N1CCn2c(nnc2C(F)(F)F)C1)Cc1cc(F)c(F)cc1F;N[C@@H](CC(=O)N1CCn2c(nnc2C(F)(F)F)C1)Cc1cc(F)c(F)cc1F;N[C@@H](CC(=O)N1CCn2c(nnc2C(F)(F)F)C1)Cc1cc(F)c(F)cc1F.O.O=P(O)(O)O;N[C@@H](CC(=O)N1CCn2c(nnc2C(F)(F)F)C1)Cc1cc(F)c(F)cc1F.O=P(O)(O)O,30,18.0,0.87,120.0,7.7447274948966935,6.920818753952375,9.060480747381382,0.448199505958945,7.75,B,CHEMBL1011679;CHEMBL1034787;CHEMBL1119687;CHEMBL1246393;CHEMBL1686243;CHEMBL1821018;CHEMBL2066843;CHEMBL2424445;CHEMBL3118377;CHEMBL3118378;CHEMBL3405279;CHEMBL3429510;CHEMBL3620569;CHEMBL3862754;CHEMBL3873292;CHEMBL4053403;CHEMBL4123027;CHEMBL4232370;CHEMBL4326781;CHEMBL4683606;CHEMBL5112289;CHEMBL5247212;CHEMBL5584747;CHEMBL5734602;CHEMBL829504;CHEMBL886790;CHEMBL907105;CHEMBL938686;CHEMBL967900,CHEMBL1137590;CHEMBL1139175;CHEMBL1141018;CHEMBL1141929;CHEMBL1152812;CHEMBL1154997;CHEMBL1156717;CHEMBL1158599;CHEMBL1240513;CHEMBL1681678;CHEMBL1817578;CHEMBL2062502;CHEMBL2417472;CHEMBL3112488;CHEMBL3399950;CHEMBL3425472;CHEMBL3616424;CHEMBL3861975;CHEMBL3872227;CHEMBL4052600;CHEMBL4118184;CHEMBL4229387;CHEMBL4325850;CHEMBL4680154;CHEMBL5108062;CHEMBL5244277;CHEMBL5584222;CHEMBL5727415,407.32,2.02,5.0,1.0,77.04,4.0,0.0,2.139661993429007
N[C@@H](CC(=O)N1CCn2c(nnc2C(F)(F)F)C1C(O)c1ccc(F)cc1)Cc1cc(F)c(F)cc1F,CHEMBL536536,,Cl.N[C@@H](CC(=O)N1CCn2c(nnc2C(F)(F)F)C1C(O)c1ccc(F)cc1)Cc1cc(F)c(F)cc1F,4,45.25,0.32,430.0,8.173393743112328,6.366531544420413,9.494850021680094,1.5806348946486164,8.175,B,CHEMBL944056,CHEMBL1140747,531.43,3.43,6.0,2.0,97.27,6.0,1.0,3.128318477259681
N[C@@H](CC(=O)N1CCn2c(nnc2C(F)(F)F)C1CC(F)(F)F)Cc1cc(F)c(F)cc1F,CHEMBL536999,,Cl.N[C@@H](CC(=O)N1CCn2c(nnc2C(F)(F)F)C1CC(F)(F)F)Cc1cc(F)c(F)cc1F,2,64.35,5.7,123.0,7.577110016444055,6.910094888560602,8.244125144327509,0.9433018401608041,7.575,B,CHEMBL944056,CHEMBL1140747,489.34,3.51,5.0,1.0,77.04,5.0,0.0,1.3340302557669066
N[C@@H](CC(=O)N1CCn2c(nnc2C(F)(F)F)C1Cc1cc(C(F)(F)F)cc(C(F)(F)F)c1)Cc1cc(F)c(F)cc1F,CHEMBL536312,,Cl.N[C@@H](CC(=O)N1CCn2c(nnc2C(F)(F)F)C1Cc1cc(C(F)(F)F)cc(C(F)(F)F)c1)Cc1cc(F)c(F)cc1F,2,296.65,6.3,587.0,7.216010674649402,6.231361898752386,8.200659450546418,1.3925036530476262,7.215,B,CHEMBL944056,CHEMBL1140747,633.44,5.84,5.0,1.0,77.04,6.0,2.0,1.9692975517940319
N[C@@H](CC(=O)N1CCn2c(nnc2C(F)(F)F)C1Cc1ccccc1)Cc1cc(F)c(F)cc1F,CHEMBL539350,,Cl.N[C@@H](CC(=O)N1CCn2c(nnc2C(F)(F)F)C1Cc1ccccc1)Cc1cc(F)c(F)cc1F,2,70.33,0.66,140.0,8.017164014389946,6.853871964321762,9.18045606445813,1.645143394207228,8.015,B,CHEMBL944056,CHEMBL1140747,497.44,3.8,5.0,1.0,77.04,6.0,0.0,2.326584100136369
N[C@@H](CC(=O)N1CCn2c(nnc2C(F)(F)F)C1Cc1ccccc1C(F)(F)F)Cc1cc(F)c(F)cc1F,CHEMBL536090,,Cl.N[C@@H](CC(=O)N1CCn2c(nnc2C(F)(F)F)C1Cc1ccccc1C(F)(F)F)Cc1cc(F)c(F)cc1F,2,219.155,0.31,438.0,7.933582097830814,6.358525889495901,9.508638306165727,2.2274658513271772,7.9350000000000005,B,CHEMBL944056,CHEMBL1140747,565.44,4.82,5.0,1.0,77.04,6.0,1.0,3.1501124166698258
N[C@@H](CC(=O)N1CCn2c(nnc2C(F)(F)F)C1Cc1ccccc1F)Cc1cc(F)c(F)cc1F,CHEMBL540888,,Cl.N[C@@H](CC(=O)N1CCn2c(nnc2C(F)(F)F)C1Cc1ccccc1F)Cc1cc(F)c(F)cc1F,2,65.73,0.46,131.0,8.10998543633133,6.882728704344236,9.337242168318426,1.735603114889832,8.11,B,CHEMBL944056,CHEMBL1140747,515.43,3.94,5.0,1.0,77.04,6.0,1.0,2.45451346397419
N[C@@H](CC(=O)N1CCn2c(nnc2C(F)(F)F)C1Cc1ccccn1)Cc1cc(F)c(F)cc1F,CHEMBL557176,,Cl.N[C@@H](CC(=O)N1CCn2c(nnc2C(F)(F)F)C1Cc1ccccn1)Cc1cc(F)c(F)cc1F,2,66.2,0.4,132.0,8.138683038733094,6.8794260687941495,9.397940008672037,1.7808582854005035,8.14,B,CHEMBL944056,CHEMBL1140747,498.43,3.2,6.0,1.0,89.93,6.0,0.0,2.518513939877888
N[C@@H](CC(=O)N1CCn2nc(C(F)(F)F)nc2[C@@H]1C(F)C1CC1)Cc1cc(F)c(F)cc1F,CHEMBL249945,,N[C@@H](CC(=O)N1CCn2nc(C(F)(F)F)nc2[C@@H]1C(F)C1CC1)Cc1cc(F)c(F)cc1F,2,14.5,11.0,18.0,7.851667404869234,7.7447274948966935,7.958607314841775,0.15123587104212463,7.855,B,CHEMBL923806,CHEMBL1140460,479.4,3.31,5.0,1.0,77.04,6.0,0.0,0.2138798199450811
N[C@@H](CC(=O)O)C(=S)N1CCC[C@H]1B(O)O,CHEMBL3686743,,N[C@@H](CC(=O)O)C(=S)N1CCC[C@H]1B(O)O,2,14008.5,17.0,28000.0,6.161196523639753,4.552841968657781,7.769551078621726,2.2745568247600496,6.16,B,CHEMBL3706075,CHEMBL3638744,246.1,,,,,,,3.2167091099639453
N[C@@H](CCC(=O)O)C(=O)N1CCC[C@H]1B(O)O,CHEMBL494497,,N[C@@H](CCC(=O)O)C(=O)N1CCC[C@H]1B(O)O,3,1100.0,6.0,3000.0,5.958607314841775,5.522878745280337,8.221848749616356,1.448939857431295,5.96,B,CHEMBL3706075;CHEMBL5737203,CHEMBL3638744;CHEMBL5728672,244.06,,,,,,,2.6989700043360187
N[C@@H](CCC(=O)O)C(=S)N1CCC[C@H]1B(O)O,CHEMBL3686744,,N[C@@H](CCC(=O)O)C(=S)N1CCC[C@H]1B(O)O,2,447.3,4.6,890.0,7.193926080836756,6.050609993355087,8.337242168318426,1.616893116995921,7.195,B,CHEMBL3706075,CHEMBL3638744,260.12,,,,,,,2.286632174963339
N[C@@H](Cc1c[nH]c2ccccc12)C(=O)N1CCC[C@H]1B(O)O,CHEMBL3686747,,N[C@@H](Cc1c[nH]c2ccccc12)C(=O)N1CCC[C@H]1B(O)O,2,1501.0,2.0,3000.0,7.110924374808178,5.522878745280337,8.698970004336019,2.245835666945592,7.109999999999999,B,CHEMBL3706075,CHEMBL3638744,301.15,,,,,,,3.1760912590556813
N[C@@H](Cc1c[nH]c2ccccc12)C(=S)N1CCC[C@H]1B(O)O,CHEMBL3686748,,N[C@@H](Cc1c[nH]c2ccccc12)C(=S)N1CCC[C@H]1B(O)O,2,350.8,1.6,700.0,7.475390988664909,6.154901959985743,8.795880017344075,1.8674534933229514,7.48,B,CHEMBL3706075,CHEMBL3638744,317.22,,,,,,,2.640978057358332
N[C@@H](Cc1ccccc1)C(=O)N1CCC[C@H]1B(O)O,CHEMBL63652,,N[C@@H](Cc1ccccc1)C(=O)N1CCC[C@H]1B(O)O,2,1035.0,70.0,2000.0,6.426935982160881,5.698970004336019,7.154901959985743,1.0294993587861119,6.43,B,CHEMBL5737203;CHEMBL665783,CHEMBL1129318;CHEMBL5728672,262.12,,,,,,,1.4559319556497243
N[C@H](C(=O)N1CCCC1)C1CCCCC1,CHEMBL278393,,N[C@H](C(=O)N1CCCC1)C1CCCCC1,3,1034.0,320.0,17000.0,5.985479461242076,4.769551078621726,6.494850021680094,0.8864344911329698,5.99,B,CHEMBL664532;CHEMBL664534;CHEMBL830917,CHEMBL1144288;CHEMBL1144883;CHEMBL1146708,210.32,1.52,2.0,1.0,46.33,2.0,0.0,1.7252989430583678
N[C@H](C(=O)N1CCC[C@H]1B(O)O)C1(C(F)(F)F)CC1,CHEMBL5925037,,N[C@H](C(=O)N1CCC[C@H]1B(O)O)C1(C(F)(F)F)CC1,2,11011.0,22.0,22000.0,6.157577319177793,4.657577319177793,7.657577319177793,2.1213203435596424,6.16,B,CHEMBL5737203;CHEMBL5738962,CHEMBL5728672;CHEMBL5729553,280.05,,,,,,,3.0
N[C@H](C(=O)N1CCC[C@H]1B(O)O)C1CCCCC1,CHEMBL3686737,,N[C@H](C(=O)N1CCC[C@H]1B(O)O)C1CCCCC1,5,380.0,1.0,9000.0,6.42021640338319,5.045757490560675,9.0,1.6781547327677269,6.42,B,CHEMBL3706075;CHEMBL5737203,CHEMBL3638744;CHEMBL5728672,254.14,,,,,,,3.954242509439325
N[C@H]1CCCCNC(=O)CNC(=O)CNC(=O)c2cc(ccc2COc2ccccc2)NC(=O)[C@@H]2CCCN2C1=O,CHEMBL305759,,N[C@H]1CCCCNC(=O)CNC(=O)CNC(=O)c2cc(ccc2COc2ccccc2)NC(=O)[C@@H]2CCCN2C1=O,2,17500.0,10000.0,25000.0,4.801029995663981,4.6020599913279625,5.0,0.28138607863743126,4.8,B,CHEMBL664926;CHEMBL664927,CHEMBL1131574,564.64,0.67,7.0,5.0,171.96,3.0,1.0,0.3979400086720375
N[C@H]1CN(c2cc(-c3cccc(F)c3)ncn2)C[C@@H]1c1cc(F)c(F)cc1F,CHEMBL237343,,N[C@H]1CN(c2cc(-c3cccc(F)c3)ncn2)C[C@@H]1c1cc(F)c(F)cc1F,2,32.5,14.0,51.0,7.573150894111913,7.292429823902063,7.853871964321762,0.39699954473465865,7.57,B,CHEMBL899730,CHEMBL1137469,388.37,3.63,4.0,1.0,55.04,3.0,0.0,0.5614421404196985
N[C@H]1CN(c2cc(-c3ccccc3)ncn2)C[C@@H]1c1cc(F)c(F)cc1F,CHEMBL236705,,N[C@H]1CN(c2cc(-c3ccccc3)ncn2)C[C@@H]1c1cc(F)c(F)cc1F,2,17.0,13.0,21.0,7.781918676479622,7.6777807052660805,7.886056647693163,0.14727333124820904,7.785,B,CHEMBL899730,CHEMBL1137469,370.38,3.49,4.0,1.0,55.04,3.0,0.0,0.20827594242708258
N[C@H]1C[C@@H](N2Cc3cn(S(=O)(=O)C4CC4)nc3C2)CO[C@@H]1c1cc(F)ccc1F,CHEMBL3735329,,N[C@H]1C[C@@H](N2Cc3cn(S(=O)(=O)C4CC4)nc3C2)CO[C@@H]1c1cc(F)ccc1F,2,1.15,0.7,1.6,8.975390988664909,8.795880017344075,9.154901959985743,0.2538668502366912,8.975000000000001,B,CHEMBL3737789;CHEMBL5247172,CHEMBL3734760;CHEMBL5244277,424.47,1.67,7.0,1.0,90.45,4.0,0.0,0.3590219426416681
N[C@H]1C[C@@H](N2Cc3cn(S(=O)(=O)C4CCCC4)nc3C2)CO[C@@H]1c1cc(F)ccc1F,CHEMBL3736085,,N[C@H]1C[C@@H](N2Cc3cn(S(=O)(=O)C4CCCC4)nc3C2)CO[C@@H]1c1cc(F)ccc1F,2,1.15,0.7,1.6,8.975390988664909,8.795880017344075,9.154901959985743,0.2538668502366912,8.975000000000001,B,CHEMBL3737789;CHEMBL5247172,CHEMBL3734760;CHEMBL5244277,452.53,2.45,7.0,1.0,90.45,4.0,0.0,0.3590219426416681
N[C@H]1C[C@@H](N2Cc3cnn(S(=O)(=O)C4CC4)c3C2)CO[C@@H]1c1cc(F)ccc1F,CHEMBL3736190,,N[C@H]1C[C@@H](N2Cc3cnn(S(=O)(=O)C4CC4)c3C2)CO[C@@H]1c1cc(F)ccc1F,2,1.15,0.7,1.6,8.975390988664909,8.795880017344075,9.154901959985743,0.2538668502366912,8.975000000000001,B,CHEMBL3737789;CHEMBL5247172,CHEMBL3734760;CHEMBL5244277,424.47,1.67,7.0,1.0,90.45,4.0,0.0,0.3590219426416681
N[C@H]1C[C@@H](N2Cc3cnn(S(=O)(=O)C4CCCC4)c3C2)CO[C@@H]1c1cc(F)ccc1F,CHEMBL3645492,,N[C@H]1C[C@@H](N2Cc3cnn(S(=O)(=O)C4CCCC4)c3C2)CO[C@@H]1c1cc(F)ccc1F,2,1.65,0.7,2.6,8.869964306007462,8.585026652029182,9.154901959985743,0.4029626946868565,8.870000000000001,B,CHEMBL3705151;CHEMBL5247172,CHEMBL3639302;CHEMBL5244277,452.53,2.45,7.0,1.0,90.45,4.0,0.0,0.5698753079565613
N[C@H]1Cc2c(ccc3cc(Br)ccc23)O[C@@H]1c1cc(F)c(F)cc1F,CHEMBL3979508,,N[C@H]1Cc2c(ccc3cc(Br)ccc23)O[C@@H]1c1cc(F)c(F)cc1F,2,22.085,5.17,39.0,7.847722424939779,7.4089353929735005,8.286509456906057,0.6205385716001472,7.85,B,CHEMBL3862754;CHEMBL5734602,CHEMBL3861975;CHEMBL5727415,408.22,5.02,2.0,1.0,35.25,1.0,1.0,0.8775740639325562
N[C@H]1Cn2c(nc3cnc(C(F)(F)F)cc32)C[C@@H]1c1cc(F)c(F)cc1F,CHEMBL541438,,N[C@H]1Cn2c(nc3cnc(C(F)(F)F)cc32)C[C@@H]1c1cc(F)c(F)cc1F.O=C(O)C(F)(F)F.O=C(O)C(F)(F)F,2,21.5,11.0,32.0,7.726728668260934,7.494850021680094,7.958607314841775,0.3279259268193423,7.73,B,CHEMBL1054090;CHEMBL1054112,CHEMBL1153045,386.3,3.53,4.0,1.0,56.73,1.0,0.0,0.4637572931616809
N[C@H]1Cn2c(nc3cnc(F)cc32)C[C@@H]1c1cc(F)c(F)cc1F,CHEMBL559477,,N[C@H]1Cn2c(nc3cnc(F)cc32)C[C@@H]1c1cc(F)c(F)cc1F.O=C(O)C(F)(F)F.O=C(O)C(F)(F)F,2,17.5,12.0,23.0,7.779545458967391,7.638272163982407,7.920818753952375,0.1997906097688993,7.779999999999999,B,CHEMBL1054090;CHEMBL1054112,CHEMBL1153045,336.29,2.65,4.0,1.0,56.73,1.0,0.0,0.28254658996996795
N[C@H]1Cn2c(nc3cnccc32)C[C@@H]1c1cc(F)c(F)cc1F,CHEMBL1194345;CHEMBL552068;CHEMBL562188,,Cl.N[C@H]1Cn2c(nc3cnccc32)C[C@@H]1c1cc(F)c(F)cc1F;N[C@H]1Cn2c(nc3cnccc32)C[C@@H]1c1cc(F)c(F)cc1F;N[C@H]1Cn2c(nc3cnccc32)C[C@@H]1c1cc(F)c(F)cc1F.O=C(O)C(F)(F)F.O=C(O)C(F)(F)F,5,16.0,6.7,67.0,7.795880017344075,7.173925197299173,8.173925197299173,0.39103843189859394,7.8,B,CHEMBL1054090;CHEMBL1054112;CHEMBL3074800,CHEMBL1153045;CHEMBL3046539,318.3,2.52,4.0,1.0,56.73,1.0,0.0,1.0
N[C@H]1Cn2c(nc3ncccc32)C[C@@H]1c1cc(F)c(F)cc1F,CHEMBL562388,,N[C@H]1Cn2c(nc3ncccc32)C[C@@H]1c1cc(F)c(F)cc1F.O=C(O)C(F)(F)F.O=C(O)C(F)(F)F,2,19.5,15.0,24.0,7.721848749616356,7.619788758288394,7.823908740944319,0.14433462391168503,7.720000000000001,B,CHEMBL1054090;CHEMBL1054112,CHEMBL1153045,318.3,2.52,4.0,1.0,56.73,1.0,0.0,0.20411998265592501
O=C(CNC12CC3CC(CC(O)(C3)C1)C2)N1CCC[C@H]1B(O)O,CHEMBL3686739,,O=C(CNC12CC3CC(CC(O)(C3)C1)C2)N1CCC[C@H]1B(O)O,2,57.0,42.0,72.0,7.259709106585415,7.142667503568731,7.376750709602099,0.1655218223480824,7.26,B,CHEMBL3706075,CHEMBL3638744,322.21,,,,,,,0.23408320603336819
O=C(CNCc1ccccc1)N1CCC[C@H]1B(O)O,CHEMBL3686741,,O=C(CNCc1ccccc1)N1CCC[C@H]1B(O)O,2,34504.75,9.5,69000.0,6.091713651986948,4.161150909262744,8.022276394711152,2.7302280137727695,6.09,B,CHEMBL3706075,CHEMBL3638744,262.12,,,,,,,3.861125485448408
O=C([C@@H]1CCCN1)N1CCCC1P(=O)(Oc1ccccc1)Oc1ccccc1,CHEMBL1182947,,O=C([C@@H]1CCCN1)N1CCCC1P(=O)(Oc1ccccc1)Oc1ccccc1,3,32000.0,15000.0,55000.0,4.494850021680094,4.259637310505756,4.823908740944319,0.28343338648054406,4.5,B,CHEMBL2155999;CHEMBL666617;CHEMBL901594,CHEMBL1132608;CHEMBL1138263;CHEMBL2150865,400.42,4.04,5.0,1.0,67.87,6.0,0.0,0.5642714304385628
O=C([C@@H]1CCCN1)N1CCC[C@H]1B(O)O,CHEMBL63895,,O=C([C@@H]1CCCN1)N1CCC[C@H]1B(O)O,4,660.0,1.1,23000.0,6.792513326014591,4.638272163982407,8.958607314841775,1.912765053493529,6.795,B,CHEMBL3706075;CHEMBL5737203;CHEMBL665783,CHEMBL1129318;CHEMBL3638744;CHEMBL5728672,212.06,,,,,,,4.320335150859368
O=C([C@@H]1CN[C@H](C(=O)N2CCCC2)C1)N1CCN(c2nc(-c3ccccc3)ns2)CC1,CHEMBL258101,,O=C([C@@H]1CN[C@H](C(=O)N2CCCC2)C1)N1CCN(c2nc(-c3ccccc3)ns2)CC1,2,220.0,20.0,420.0,7.037860356969059,6.376750709602099,7.698970004336019,0.9349502295220489,7.04,B,CHEMBL932061;CHEMBL932062,CHEMBL1143182,440.57,1.45,7.0,1.0,81.67,4.0,0.0,1.3222192947339195
O=C([C@@H]1CN[C@H](C(=O)N2CCCC2)C1)N1CCN(c2nc(C(F)(F)F)ns2)CC1,CHEMBL270163,,O=C([C@@H]1CN[C@H](C(=O)N2CCCC2)C1)N1CCN(c2nc(C(F)(F)F)ns2)CC1,2,50.0,23.0,77.0,7.375890719404962,7.113509274827518,7.638272163982407,0.3710633974364667,7.375,B,CHEMBL932061;CHEMBL932062,CHEMBL1143182,432.47,0.81,7.0,1.0,81.67,3.0,0.0,0.5247628891548892
O=C([C@@H]1CN[C@H](C(=O)N2CCCC2)C1)N1CCN(c2ncns2)CC1,CHEMBL403969,,O=C([C@@H]1CN[C@H](C(=O)N2CCCC2)C1)N1CCN(c2ncns2)CC1,2,38.5,19.0,58.0,7.478909202742117,7.236572006437063,7.721246399047171,0.3427165496820785,7.48,B,CHEMBL932061;CHEMBL932062,CHEMBL1143182,364.48,-0.21,7.0,1.0,81.67,3.0,0.0,0.48467439261010803
O=c1c(O)c(-c2ccc(O)c(O)c2)oc2cc(O)cc(O)c12,CHEMBL50,QUERCETIN,O=c1c(O)c(-c2ccc(O)c(O)c2)oc2cc(O)cc(O)c12,2,17825.0,2920.0,32730.0,5.009835571621789,4.485053994691996,5.534617148551582,0.7421532233776527,5.015000000000001,B,CHEMBL3224678;CHEMBL4232373,CHEMBL3217554;CHEMBL4229387,302.24,1.99,7.0,5.0,131.36,1.0,0.0,1.0495631538595855
O=c1c(O)c(-c2ccc(O)cc2)oc2cc(O)cc(O)c12,CHEMBL150,KAEMPFEROL,O=c1c(O)c(-c2ccc(O)cc2)oc2cc(O)cc(O)c12,2,3580.0,490.0,6670.0,5.742839043027469,5.175874166083451,6.309803919971486,0.8018094183634223,5.744999999999999,B,CHEMBL4232373;CHEMBL5363528,CHEMBL4229387;CHEMBL5360591,286.24,2.28,6.0,4.0,111.13,1.0,0.0,1.1339297538880349
OB(O)[C@@H]1CCCN1C(=S)CNC12CC3CC(CC(O)(C3)C1)C2,CHEMBL3686740,,OB(O)[C@@H]1CCCN1C(=S)CNC12CC3CC(CC(O)(C3)C1)C2,2,20080.0,160.0,40000.0,5.596910013008056,4.3979400086720375,6.795880017344075,1.6955996410105263,5.6,B,CHEMBL3706075,CHEMBL3638744,338.28,,,,,,,2.3979400086720375
OB(O)[C@@H]1CCCN1C(=S)CNCc1ccccc1,CHEMBL3686742,,OB(O)[C@@H]1CCCN1C(=S)CNCc1ccccc1,2,97.0,24.0,170.0,7.19466991845506,6.769551078621726,7.619788758288394,0.6012088289126163,7.195,B,CHEMBL3706075,CHEMBL3638744,278.19,,,,,,,0.8502376796666677
OB(O)[C@@H]1CCCN1C(=S)[C@@H]1CCCN1,CHEMBL3686751,,OB(O)[C@@H]1CCCN1C(=S)[C@@H]1CCCN1,2,3503.2,6.4,7000.0,6.674360993000928,5.154901959985743,8.193820026016112,2.1488395719603823,6.675,B,CHEMBL3706075,CHEMBL3638744,228.13,,,,,,,3.0389180660303694
